[{"shards":"34","shards.undesired":"0","write_load.forecast":"0.0","disk.indices.forecast":"877.1gb","disk.indices":"0b","disk.used":"2.6tb","disk.avail":"80.3gb","disk.total":"2.7tb","disk.percent":"97","host":"192.168.0.12","ip":"192.168.0.12","node":"afs-vm-eastus-elastic-az2-fzn-p02","node.role":"f"},{"shards":"34","shards.undesired":"0","write_load.forecast":"0.0","disk.indices.forecast":"884gb","disk.indices":"0b","disk.used":"2.6tb","disk.avail":"80.3gb","disk.total":"2.7tb","disk.percent":"97","host":"192.168.0.11","ip":"192.168.0.11","node":"afs-vm-eastus-elastic-az1-fzn-p01","node.role":"f"},{"shards":"415","shards.undesired":"0","write_load.forecast":"0.18797921651378052","disk.indices.forecast":"982.1gb","disk.indices":"891.1gb","disk.used":"899.7gb","disk.avail":"198.9gb","disk.total":"1tb","disk.percent":"81","host":"192.168.0.9","ip":"192.168.0.9","node":"afs-vm-eastus-elastic-az1-hot-p01","node.role":"hist"},{"shards":"415","shards.undesired":"0","write_load.forecast":"0.18797921651378052","disk.indices.forecast":"1002.4gb","disk.indices":"911.4gb","disk.used":"921.3gb","disk.avail":"177.3gb","disk.total":"1tb","disk.percent":"83","host":"192.168.0.10","ip":"192.168.0.10","node":"afs-vm-eastus-elastic-az2-hot-p02","node.role":"hist"}]