{"stats":{"successful_downloads":18,"failed_downloads":0,"total_download_time":13099,"databases_count":3,"skipped_updates":0,"expired_databases":0},"nodes":{"5zGVWtZuRN2K4L9nes5rQQ":{"databases":[{"name":"GeoLite2-City.mmdb"},{"name":"GeoLite2-Country.mmdb"},{"name":"GeoLite2-ASN.mmdb"}],"files_in_temp":["GeoLite2-ASN.mmdb_LICENSE.txt","GeoLite2-City.mmdb_LICENSE.txt","GeoLite2-Country.mmdb_elastic-geoip-database-service-agreement-LICENSE.txt","GeoLite2-ASN.mmdb_elastic-geoip-database-service-agreement-LICENSE.txt","GeoLite2-City.mmdb_elastic-geoip-database-service-agreement-LICENSE.txt","GeoLite2-ASN.mmdb_COPYRIGHT.txt","GeoLite2-City.mmdb_README.txt","GeoLite2-Country.mmdb_COPYRIGHT.txt","GeoLite2-City.mmdb","GeoLite2-Country.mmdb","GeoLite2-City.mmdb_COPYRIGHT.txt","GeoLite2-Country.mmdb_LICENSE.txt","GeoLite2-ASN.mmdb"],"cache_stats":{"count":1000,"hits":3092612,"misses":98912,"evictions":97912,"hits_time_in_millis":1361,"misses_time_in_millis":18920}},"qH6PNowDS1GslOgh_1HN_A":{"databases":[{"name":"GeoLite2-City.mmdb"},{"name":"GeoLite2-Country.mmdb"},{"name":"GeoLite2-ASN.mmdb"}],"files_in_temp":["GeoLite2-ASN.mmdb_LICENSE.txt","GeoLite2-City.mmdb_LICENSE.txt","GeoLite2-Country.mmdb_elastic-geoip-database-service-agreement-LICENSE.txt","GeoLite2-ASN.mmdb_elastic-geoip-database-service-agreement-LICENSE.txt","GeoLite2-City.mmdb_elastic-geoip-database-service-agreement-LICENSE.txt","GeoLite2-ASN.mmdb_COPYRIGHT.txt","GeoLite2-City.mmdb_README.txt","GeoLite2-Country.mmdb_COPYRIGHT.txt","GeoLite2-City.mmdb","GeoLite2-Country.mmdb","GeoLite2-City.mmdb_COPYRIGHT.txt","GeoLite2-Country.mmdb_LICENSE.txt","GeoLite2-ASN.mmdb"],"cache_stats":{"count":1000,"hits":2885653451,"misses":558725369,"evictions":558724368,"hits_time_in_millis":834346,"misses_time_in_millis":2831927}}}}