{"status":"green","cluster_name":"afs-elastic","indicators":{"master_is_stable":{"status":"green","symptom":"The cluster has a stable master node","details":{"current_master":{"node_id":"FpfZMqOJQOSb8QPexZxqwQ","name":"afs-vm-eastus-elastic-az3-mas-p03"},"recent_masters":[{"node_id":"FpfZMqOJQOSb8QPexZxqwQ","name":"afs-vm-eastus-elastic-az3-mas-p03"}]}},"repository_integrity":{"status":"green","symptom":"All repositories are healthy.","details":{"total_repositories":1}},"disk":{"status":"green","symptom":"The cluster has enough available disk space.","details":{"indices_with_readonly_block":0,"nodes_with_enough_disk_space":9,"nodes_with_unknown_disk_status":0,"nodes_over_high_watermark":0,"nodes_over_flood_stage_watermark":0}},"shards_capacity":{"status":"green","symptom":"The cluster has enough room to add new shards.","details":{"data":{"max_shards_in_cluster":2000},"frozen":{"max_shards_in_cluster":6000}}},"file_settings":{"status":"green","symptom":"File-based settings are inactive"},"shards_availability":{"status":"green","symptom":"This cluster has all shards available.","details":{"initializing_primaries":0,"creating_replicas":0,"started_replicas":415,"unassigned_primaries":0,"restarting_replicas":0,"creating_primaries":0,"initializing_replicas":0,"unassigned_replicas":0,"started_primaries":483,"restarting_primaries":0}},"data_stream_lifecycle":{"status":"green","symptom":"Data streams are executing their lifecycles without issues","details":{"stagnating_backing_indices_count":0,"total_backing_indices_in_error":0}},"slm":{"status":"green","symptom":"Snapshot Lifecycle Management is running","details":{"slm_status":"RUNNING","policies":1}},"ilm":{"status":"green","symptom":"Index Lifecycle Management is running","details":{"policies":61,"stagnating_indices":0,"ilm_status":"RUNNING"}}}}