{"_nodes":{"total":9,"successful":9,"failed":0},"cluster_name":"afs-elastic","nodes":{"cadAw8rHRey02P9JG7EU5w":{"timestamp":1766499355534,"since":1764307426906,"rest_actions":{},"aggregations":{}},"p8x67SRnRRSe-fTgH6fW0A":{"timestamp":1766499355534,"since":1764314134557,"rest_actions":{},"aggregations":{"date_histogram":{"date":2339},"max":{"date":2135484},"random_sampler":{"other":65},"filters":{"other":7201},"top_hits":{"other":929},"cardinality":{"date":3,"keyword":31280,"ip":28},"sampler":{"other":99},"filter":{"other":3398},"min":{"date":161},"terms":{"keyword":7984},"composite":{"other":1067621},"significant_terms":{"keyword":860,"ip":10},"value_count":{"keyword":612},"categorize_text":{"other":42}}},"HLzM4CFpSx-TKeGjft7BGA":{"timestamp":1766499355534,"since":1764305682089,"rest_actions":{},"aggregations":{}},"SywzE6bgQ6uWp_7InJeFuw":{"timestamp":1766499355516,"since":1764313311742,"rest_actions":{},"aggregations":{"date_histogram":{"date":2107},"max":{"date":1810160},"random_sampler":{"other":8},"filters":{"other":5697},"top_hits":{"other":896},"cardinality":{"date":2,"keyword":23879,"ip":27},"sampler":{"other":73},"filter":{"other":2756},"min":{"date":158},"terms":{"keyword":6512},"composite":{"other":904973},"value_count":{"keyword":648},"categorize_text":{"other":8}}},"shEbUp1xSt22U26Y1kWHAA":{"timestamp":1766499355531,"since":1764308462900,"rest_actions":{"security_get_role_mappings_action":2,"ilm_get_action":68,"ml_get_datafeed_stats_action":2210,"ml_get_calendar_events_action":2166,"esql_delete_async_result":8,"xpack_security_invalidate_api_key":3369,"remote_cluster_info_action":79,"security_get_privileges_action":16,"get_mapping_action":123,"get_indices_action":47137,"create_index_action":39,"update_by_query_action":2133,"ml_memory_action":6,"ml_get_trained_models_stats_action":10,"eql_search":73635,"async_search_submit_action":29849,"get_autoscaling_policy":6,"field_capabilities_action":4039409,"document_get_action":6853812,"cluster_allocation_explain_action":3,"count_action":113921,"fleet_get_global_checkpoints":36563,"xpack_security_query_role":35,"cat_shards_action":3,"cluster_get_settings_action":1930,"get_settings_action":395,"document_index_action":447266,"security_authenticate_action":854031,"connector_sync_jobs_list_action":28,"msearch_action":2367369,"xpack_ml_get_data_frame_analytics_action":630,"security_change_password_action":4,"ccr_follower_info":51,"async_search_status_action":26639,"data_stream_stats_action":38,"ingest_simulate_pipeline_action":8,"get_repositories_action":9,"security_has_privileges_action":5007045,"delete_composable_index_template_action":71,"cat_threadpool_action":5,"security_profile_has_privileges_action":8474,"nodes_info_action":1752279,"ingest_put_pipeline_action":97,"ml_get_jobs_action":5142,"security_user_privileges_action":4,"term_enum_action":6944,"open_point_in_time":279825,"async_search_get_action":16443,"xpack_security_grant_api_key":324,"synonyms_sets_get_action":1,"ml_get_trained_models_action":619,"create_data_stream_action":8,"ml_get_job_stats_action":2210,"put_mapping_action":335,"analyze_action":79,"xpack_usage_action":44,"get_data_streams_action":9128,"security_get_users_action":46,"document_create_action_auto_id":36513,"document_create_action":935,"cluster_stats_action":28,"search_action":7975279,"fleet_get_secret":34,"get_aliases_action":6888,"cat_allocation_action":1,"vector_tile_action":16,"ml_get_calendars_action":2166,"transform_get_transform_stats_action":7616,"nodes_usage_action":28,"document_update_action":2027392,"get_index_template_action":4848,"get_trial_status":10,"connector_list_action":119,"security_get_builtin_privileges_action":3,"query_ruleset_list_action":1,"nodes_stats_action":524,"ccr_stats":1,"esql_get_async_result":335,"monitoring_bulk":438104,"get_rollup_job":2,"security_put_user_action":4,"cluster_health_action":543,"document_delete_action":1500,"esql_query":6,"xpack_security_query_api_key":7,"resolve_cluster_action":535,"async_search_delete_action":327,"close_point_in_time":272492,"cat_indices_action":262,"xpack_security_activate_profile":192,"graph":1,"transform_get_transform_action":7322,"simulate_template_action":286,"fleet_msearch_action":51980,"search_application_list_action":2,"get_data_lifecycles_action":31,"document_mget_action":921693,"ml_get_datafeeds_action":2785,"list_tasks_action":9,"bulk_action":5105915,"ingest_get_pipeline_action":224,"logstash_get_pipeline":7,"get_component_template_action":5203,"ml_info_action":2004,"put_component_template_action":367,"esql_async_query":36575,"get_composable_index_template_action":5294,"ilm_put_action":16,"slm_get_lifecycle":5,"xpack_info_action":298175,"xpack_security_get_api_key":40,"security_get_roles_action":37,"xpack_security_suggest_profile":8483,"delete_by_query_action":1709,"get_license":15324,"main_action":38752,"get_inference_model_action":43,"ilm_explain_action":1296,"fleet_search_action":64,"get_enrich_policy":6,"indices_stats_action":2246,"cat_nodes_action":2,"resolve_index_action":142,"simulate_index_template_action":319,"recovery_action":1,"get_snapshots_action":4,"slm_get_operation_mode_action":1,"get_rollup_index_caps":54,"update_settings_action":319,"put_composable_index_template_action":313,"security_put_role_action":2,"refresh_action":137,"search_scroll_action":99,"xpack_security_get_profile":179804},"aggregations":{}},"FkXTMwl2Qf-rur1P48QeNQ":{"timestamp":1766499355517,"since":1764304775221,"rest_actions":{},"aggregations":{}},"5zGVWtZuRN2K4L9nes5rQQ":{"timestamp":1766499355535,"since":1765290262307,"rest_actions":{"nodes_usage_action":4,"security_get_role_mappings_action":3,"ilm_get_action":3,"enrich_stats":3,"ml_get_datafeed_stats_action":3,"get_index_template_action":3,"cat_alias_action":4,"remote_cluster_info_action":3,"security_get_privileges_action":3,"get_mapping_action":4,"cat_count_action":4,"nodes_stats_action":8,"nodes_hot_threads_action":4,"ccr_stats":3,"ml_memory_action":3,"cat_segments_action":4,"ml_get_trained_models_stats_action":3,"cat_health_action":4,"slm_get_lifecycle_stats":3,"get_rollup_job":3,"searchable_snapshots_stats_action":3,"cluster_allocation_explain_action":8,"cluster_health_action":4,"count_action":4,"get_rollup_caps":3,"cat_templates_action":4,"cat_recovery_action":4,"list_dangling_indices":4,"transform_get_transform_node_stats_action":3,"cat_shards_action":11,"cluster_get_settings_action":8,"cat_plugins_action":3,"get_settings_action":3,"cat_indices_action":4,"ilm_get_operation_mode_action":3,"xpack_ml_get_data_frame_analytics_stats_action":3,"xpack_ml_get_data_frame_analytics_action":3,"transform_get_transform_action":3,"get_shutdown_status":3,"ccr_follower_info":3,"ml_get_datafeeds_action":3,"cat_master_action":8,"get_repositories_action":3,"list_tasks_action":3,"ingest_get_pipeline_action":3,"cat_node_attrs_action":4,"logstash_get_pipeline":3,"cat_threadpool_action":4,"get_component_template_action":4,"ml_info_action":3,"nodes_info_action":8,"get_desired_balance":4,"ml_get_jobs_action":3,"get_composable_index_template_action":4,"slm_get_lifecycle":3,"watcher_stats":6,"indices_shard_stores_action":3,"indices_segments_action":3,"security_get_roles_action":3,"get_autoscaling_capacity":3,"cat_fielddata_action":8,"searchable_snapshots_cache_stats_action":3,"get_license":4,"main_action":7,"ml_get_trained_models_action":3,"ilm_explain_action":6,"ml_get_job_stats_action":3,"ssl_get_certificates":3,"pending_cluster_tasks_action":4,"cat_repositories_action":4,"xpack_usage_action":3,"get_data_streams_action":3,"security_get_users_action":3,"get_enrich_policy":3,"health_action":4,"cat_pending_cluster_tasks_action":4,"indices_stats_action":4,"cat_nodes_action":8,"cluster_state_action":4,"cluster_stats_action":4,"recovery_action":3,"get_snapshots_action":3,"get_aliases_action":4,"slm_get_operation_mode_action":3,"get_profiling_status_action":3,"cat_allocation_action":8,"get_rollup_index_caps":3,"ccr_get_auto_follow_pattern_action":3,"transform_get_transform_stats_action":6,"geoip_downloader_stats":4},"aggregations":{"date_histogram":{"date":343128,"range":470},"geo_centroid":{"geopoint":14},"geotile_grid":{"geopoint":14},"range":{"date":13464},"random_sampler":{"other":12},"sum":{"numeric":45310,"counter":1795},"top_hits":{"other":1127790},"nested":{"other":11074},"min":{"date":32243,"numeric":18936},"avg":{"numeric":271498},"terms":{"date":5201,"boolean":12358,"ip":149,"numeric":5968,"keyword":3038519},"stats":{"date":1,"numeric":1588923},"composite":{"other":754359},"missing":{"keyword":27571},"value_count":{"numeric":1,"keyword":2442},"categorize_text":{"other":4498},"date_range":{"date":71},"percentiles":{"numeric":294},"max":{"date":273773,"numeric":587005,"counter":65901},"scripted_metric":{"other":322756},"top_metrics":{"other":539},"filters":{"other":487036},"cardinality":{"date":4,"boolean":10,"ip":4736,"numeric":2244,"geopoint":1,"keyword":67396},"sampler":{"other":226},"histogram":{"numeric":342571},"filter":{"other":123349},"reverse_nested":{"other":8709},"multi_terms":{"other":567}}},"qH6PNowDS1GslOgh_1HN_A":{"timestamp":1766499355517,"since":1764311360280,"rest_actions":{"nodes_usage_action":3,"security_get_role_mappings_action":3,"ilm_get_action":3,"enrich_stats":3,"ml_get_datafeed_stats_action":3,"get_index_template_action":3,"cat_alias_action":3,"remote_cluster_info_action":3,"security_get_privileges_action":3,"get_mapping_action":3,"cat_count_action":3,"nodes_stats_action":6,"nodes_hot_threads_action":3,"ccr_stats":3,"ml_memory_action":3,"cat_segments_action":3,"ml_get_trained_models_stats_action":3,"cat_health_action":3,"slm_get_lifecycle_stats":3,"get_rollup_job":3,"searchable_snapshots_stats_action":3,"cluster_allocation_explain_action":6,"cluster_health_action":3,"count_action":3,"get_rollup_caps":3,"cat_templates_action":3,"cat_recovery_action":3,"list_dangling_indices":3,"transform_get_transform_node_stats_action":3,"cat_shards_action":9,"cluster_get_settings_action":6,"cat_plugins_action":3,"get_settings_action":3,"cat_indices_action":3,"ilm_get_operation_mode_action":3,"xpack_ml_get_data_frame_analytics_stats_action":3,"xpack_ml_get_data_frame_analytics_action":3,"transform_get_transform_action":3,"get_shutdown_status":3,"ccr_follower_info":3,"ml_get_datafeeds_action":3,"cat_master_action":6,"get_repositories_action":3,"list_tasks_action":3,"bulk_action":4167329,"ingest_get_pipeline_action":3,"cat_node_attrs_action":3,"logstash_get_pipeline":3,"cat_threadpool_action":3,"get_component_template_action":3,"ml_info_action":3,"nodes_info_action":6,"get_desired_balance":3,"ml_get_jobs_action":3,"get_composable_index_template_action":3,"slm_get_lifecycle":3,"watcher_stats":6,"indices_shard_stores_action":3,"indices_segments_action":3,"security_get_roles_action":3,"get_autoscaling_capacity":3,"cat_fielddata_action":6,"searchable_snapshots_cache_stats_action":3,"get_license":14079,"main_action":3134,"ml_get_trained_models_action":3,"ilm_explain_action":6,"ml_get_job_stats_action":3,"ssl_get_certificates":3,"pending_cluster_tasks_action":3,"cat_repositories_action":3,"xpack_usage_action":3,"get_data_streams_action":3,"security_get_users_action":3,"get_enrich_policy":3,"health_action":3,"cat_pending_cluster_tasks_action":3,"indices_stats_action":3,"cat_nodes_action":6,"cluster_state_action":3,"cluster_stats_action":3,"recovery_action":3,"get_snapshots_action":3,"get_aliases_action":3,"slm_get_operation_mode_action":3,"get_profiling_status_action":3,"cat_allocation_action":6,"get_rollup_index_caps":3,"ccr_get_auto_follow_pattern_action":3,"transform_get_transform_stats_action":6,"geoip_downloader_stats":3},"aggregations":{"date_histogram":{"date":873062,"range":1179},"geo_centroid":{"geopoint":16},"geotile_grid":{"geopoint":16},"range":{"date":51643},"random_sampler":{"other":868},"sum":{"numeric":3780455,"counter":4921},"top_hits":{"other":2906592},"nested":{"other":50974},"min":{"date":101487,"numeric":44959},"avg":{"numeric":705253},"terms":{"date":40633,"numeric":10128,"boolean":55340,"keyword":8737962,"ip":2159},"stats":{"date":128,"numeric":4136896},"composite":{"other":1530254},"missing":{"keyword":106765,"ip":1826},"significant_terms":{"keyword":13915,"ip":202},"value_count":{"date":2,"numeric":5,"keyword":8719,"ip":4},"categorize_text":{"other":8404},"date_range":{"date":222},"percentiles":{"numeric":1460},"max":{"date":842032,"numeric":1793190,"counter":153292},"scripted_metric":{"other":591136},"top_metrics":{"other":1056},"filters":{"other":1242430},"cardinality":{"date":233,"boolean":249,"ip":9034,"numeric":5085,"geopoint":24,"range":2,"keyword":571338},"sampler":{"other":8932},"histogram":{"numeric":1217264},"filter":{"other":589381},"reverse_nested":{"other":39501},"multi_terms":{"other":3037}}},"FpfZMqOJQOSb8QPexZxqwQ":{"timestamp":1766499355535,"since":1764306549696,"rest_actions":{},"aggregations":{}}}}