[{"shards":"34","shards.undesired":"0","write_load.forecast":"0.0","disk.indices.forecast":"884gb","disk.indices":"0b","disk.used":"2.6tb","disk.avail":"80.3gb","disk.total":"2.7tb","disk.percent":"97","host":"192.168.0.11","ip":"192.168.0.11","node":"afs-vm-eastus-elastic-az1-fzn-p01","node.role":"f"},{"shards":"34","shards.undesired":"0","write_load.forecast":"0.0","disk.indices.forecast":"877.1gb","disk.indices":"0b","disk.used":"2.6tb","disk.avail":"80.3gb","disk.total":"2.7tb","disk.percent":"97","host":"192.168.0.12","ip":"192.168.0.12","node":"afs-vm-eastus-elastic-az2-fzn-p02","node.role":"f"},{"shards":"414","shards.undesired":"0","write_load.forecast":"0.18797922818761875","disk.indices.forecast":"979gb","disk.indices":"885.1gb","disk.used":"893.2gb","disk.avail":"205.5gb","disk.total":"1tb","disk.percent":"81","host":"192.168.0.9","ip":"192.168.0.9","node":"afs-vm-eastus-elastic-az1-hot-p01","node.role":"hist"},{"shards":"414","shards.undesired":"0","write_load.forecast":"0.18797922818761875","disk.indices.forecast":"980.3gb","disk.indices":"886.3gb","disk.used":"894.4gb","disk.avail":"204.3gb","disk.total":"1tb","disk.percent":"81","host":"192.168.0.10","ip":"192.168.0.10","node":"afs-vm-eastus-elastic-az2-hot-p02","node.role":"hist"}]