{"stats":{"successful_downloads":18,"failed_downloads":0,"total_download_time":13099,"databases_count":3,"skipped_updates":0,"expired_databases":0},"nodes":{"5zGVWtZuRN2K4L9nes5rQQ":{"databases":[{"name":"GeoLite2-ASN.mmdb"},{"name":"GeoLite2-Country.mmdb"},{"name":"GeoLite2-City.mmdb"}],"files_in_temp":["GeoLite2-Country.mmdb_elastic-geoip-database-service-agreement-LICENSE.txt","GeoLite2-City.mmdb_LICENSE.txt","GeoLite2-ASN.mmdb_LICENSE.txt","GeoLite2-Country.mmdb_LICENSE.txt","GeoLite2-ASN.mmdb","GeoLite2-City.mmdb_COPYRIGHT.txt","GeoLite2-Country.mmdb","GeoLite2-City.mmdb","GeoLite2-City.mmdb_README.txt","GeoLite2-Country.mmdb_COPYRIGHT.txt","GeoLite2-ASN.mmdb_COPYRIGHT.txt","GeoLite2-City.mmdb_elastic-geoip-database-service-agreement-LICENSE.txt","GeoLite2-ASN.mmdb_elastic-geoip-database-service-agreement-LICENSE.txt"],"cache_stats":{"count":1000,"hits":3082405,"misses":98046,"evictions":97046,"hits_time_in_millis":1359,"misses_time_in_millis":18859}},"qH6PNowDS1GslOgh_1HN_A":{"databases":[{"name":"GeoLite2-ASN.mmdb"},{"name":"GeoLite2-Country.mmdb"},{"name":"GeoLite2-City.mmdb"}],"files_in_temp":["GeoLite2-Country.mmdb_elastic-geoip-database-service-agreement-LICENSE.txt","GeoLite2-City.mmdb_LICENSE.txt","GeoLite2-ASN.mmdb_LICENSE.txt","GeoLite2-ASN.mmdb","GeoLite2-Country.mmdb_LICENSE.txt","GeoLite2-City.mmdb_COPYRIGHT.txt","GeoLite2-Country.mmdb","GeoLite2-City.mmdb","GeoLite2-Country.mmdb_COPYRIGHT.txt","GeoLite2-City.mmdb_README.txt","GeoLite2-ASN.mmdb_COPYRIGHT.txt","GeoLite2-City.mmdb_elastic-geoip-database-service-agreement-LICENSE.txt","GeoLite2-ASN.mmdb_elastic-geoip-database-service-agreement-LICENSE.txt"],"cache_stats":{"count":1000,"hits":2864957582,"misses":555348450,"evictions":555347449,"hits_time_in_millis":828223,"misses_time_in_millis":2813353}}}}