{"_nodes":{"total":9,"successful":9,"failed":0},"cluster_name":"afs-elastic","nodes":{"qH6PNowDS1GslOgh_1HN_A":{"timestamp":1766489212054,"since":1764311360280,"rest_actions":{"nodes_usage_action":3,"security_get_role_mappings_action":2,"ilm_get_action":2,"enrich_stats":2,"ml_get_datafeed_stats_action":2,"get_index_template_action":2,"cat_alias_action":3,"remote_cluster_info_action":2,"security_get_privileges_action":2,"get_mapping_action":3,"cat_count_action":3,"nodes_stats_action":6,"nodes_hot_threads_action":3,"ccr_stats":2,"ml_memory_action":2,"cat_segments_action":3,"ml_get_trained_models_stats_action":2,"cat_health_action":3,"slm_get_lifecycle_stats":2,"get_rollup_job":2,"searchable_snapshots_stats_action":2,"cluster_allocation_explain_action":6,"cluster_health_action":3,"count_action":3,"get_rollup_caps":2,"cat_templates_action":3,"cat_recovery_action":3,"list_dangling_indices":3,"transform_get_transform_node_stats_action":2,"cat_shards_action":8,"cluster_get_settings_action":6,"cat_plugins_action":2,"get_settings_action":2,"cat_indices_action":3,"ilm_get_operation_mode_action":2,"xpack_ml_get_data_frame_analytics_stats_action":2,"xpack_ml_get_data_frame_analytics_action":2,"transform_get_transform_action":2,"get_shutdown_status":2,"ccr_follower_info":2,"ml_get_datafeeds_action":2,"cat_master_action":6,"get_repositories_action":2,"list_tasks_action":2,"bulk_action":4150846,"ingest_get_pipeline_action":2,"cat_node_attrs_action":3,"logstash_get_pipeline":2,"cat_threadpool_action":3,"get_component_template_action":3,"ml_info_action":2,"nodes_info_action":6,"get_desired_balance":3,"ml_get_jobs_action":2,"get_composable_index_template_action":3,"slm_get_lifecycle":2,"watcher_stats":4,"indices_shard_stores_action":2,"indices_segments_action":2,"security_get_roles_action":2,"get_autoscaling_capacity":2,"cat_fielddata_action":6,"searchable_snapshots_cache_stats_action":2,"get_license":14079,"main_action":3133,"ml_get_trained_models_action":2,"ilm_explain_action":4,"ml_get_job_stats_action":2,"ssl_get_certificates":2,"pending_cluster_tasks_action":3,"cat_repositories_action":3,"xpack_usage_action":2,"get_data_streams_action":2,"security_get_users_action":2,"get_enrich_policy":2,"health_action":3,"cat_pending_cluster_tasks_action":3,"indices_stats_action":3,"cat_nodes_action":6,"cluster_state_action":3,"cluster_stats_action":3,"recovery_action":2,"get_snapshots_action":2,"get_aliases_action":3,"slm_get_operation_mode_action":2,"get_profiling_status_action":2,"cat_allocation_action":6,"get_rollup_index_caps":2,"ccr_get_auto_follow_pattern_action":2,"transform_get_transform_stats_action":4,"geoip_downloader_stats":3},"aggregations":{"date_histogram":{"date":872035,"range":1179},"geo_centroid":{"geopoint":16},"geotile_grid":{"geopoint":16},"range":{"date":51413},"random_sampler":{"other":868},"sum":{"numeric":3763217,"counter":4921},"top_hits":{"other":2894169},"nested":{"other":50923},"min":{"date":101083,"numeric":44959},"avg":{"numeric":702975},"terms":{"date":40633,"boolean":55340,"ip":2159,"numeric":10104,"keyword":8707133},"stats":{"date":128,"numeric":4119904},"composite":{"other":1524563},"missing":{"ip":1826,"keyword":106297},"significant_terms":{"ip":202,"keyword":13915},"value_count":{"date":2,"ip":4,"numeric":5,"keyword":8719},"categorize_text":{"other":8404},"date_range":{"date":222},"percentiles":{"numeric":1460},"max":{"date":839730,"numeric":1790354,"counter":153100},"scripted_metric":{"other":588754},"top_metrics":{"other":1056},"filters":{"other":1237007},"cardinality":{"date":233,"boolean":249,"ip":8993,"numeric":5085,"geopoint":24,"range":2,"keyword":570976},"sampler":{"other":8932},"histogram":{"numeric":1211588},"filter":{"other":588597},"reverse_nested":{"other":39457},"multi_terms":{"other":3031}}},"SywzE6bgQ6uWp_7InJeFuw":{"timestamp":1766489212054,"since":1764313311742,"rest_actions":{},"aggregations":{"date_histogram":{"date":2107},"max":{"date":1799990},"random_sampler":{"other":8},"filters":{"other":5697},"top_hits":{"other":896},"cardinality":{"date":2,"keyword":23879,"ip":27},"sampler":{"other":73},"filter":{"other":2756},"min":{"date":158},"terms":{"keyword":6512},"composite":{"other":899888},"value_count":{"keyword":648},"categorize_text":{"other":8}}},"FkXTMwl2Qf-rur1P48QeNQ":{"timestamp":1766489212054,"since":1764304775221,"rest_actions":{},"aggregations":{}},"shEbUp1xSt22U26Y1kWHAA":{"timestamp":1766489212065,"since":1764308462900,"rest_actions":{"security_get_role_mappings_action":2,"ilm_get_action":68,"ml_get_datafeed_stats_action":2208,"ml_get_calendar_events_action":2164,"esql_delete_async_result":8,"xpack_security_invalidate_api_key":3365,"remote_cluster_info_action":79,"security_get_privileges_action":16,"get_mapping_action":123,"get_indices_action":46924,"create_index_action":39,"update_by_query_action":2132,"ml_memory_action":6,"ml_get_trained_models_stats_action":10,"eql_search":73299,"async_search_submit_action":29795,"get_autoscaling_policy":6,"field_capabilities_action":4021220,"document_get_action":6828884,"cluster_allocation_explain_action":3,"count_action":113574,"fleet_get_global_checkpoints":36392,"xpack_security_query_role":35,"cat_shards_action":3,"cluster_get_settings_action":1928,"get_settings_action":395,"document_index_action":445217,"security_authenticate_action":852426,"connector_sync_jobs_list_action":28,"msearch_action":2356655,"xpack_ml_get_data_frame_analytics_action":627,"security_change_password_action":4,"ccr_follower_info":51,"async_search_status_action":26639,"data_stream_stats_action":38,"ingest_simulate_pipeline_action":8,"get_repositories_action":9,"security_has_privileges_action":4990649,"delete_composable_index_template_action":71,"cat_threadpool_action":5,"security_profile_has_privileges_action":8456,"nodes_info_action":1744165,"ingest_put_pipeline_action":97,"ml_get_jobs_action":5135,"security_user_privileges_action":4,"term_enum_action":6944,"open_point_in_time":278660,"async_search_get_action":16443,"xpack_security_grant_api_key":324,"synonyms_sets_get_action":1,"ml_get_trained_models_action":616,"create_data_stream_action":8,"ml_get_job_stats_action":2208,"put_mapping_action":335,"analyze_action":79,"xpack_usage_action":44,"get_data_streams_action":9054,"security_get_users_action":46,"document_create_action_auto_id":36344,"document_create_action":933,"cluster_stats_action":28,"search_action":7943691,"fleet_get_secret":34,"get_aliases_action":6816,"cat_allocation_action":1,"vector_tile_action":16,"ml_get_calendars_action":2164,"transform_get_transform_stats_action":7580,"nodes_usage_action":28,"document_update_action":2020137,"get_index_template_action":4779,"get_trial_status":10,"connector_list_action":119,"security_get_builtin_privileges_action":3,"query_ruleset_list_action":1,"nodes_stats_action":522,"ccr_stats":1,"esql_get_async_result":335,"monitoring_bulk":436076,"get_rollup_job":2,"security_put_user_action":4,"cluster_health_action":541,"document_delete_action":1499,"esql_query":6,"xpack_security_query_api_key":7,"resolve_cluster_action":535,"async_search_delete_action":327,"close_point_in_time":271360,"cat_indices_action":262,"xpack_security_activate_profile":190,"graph":1,"transform_get_transform_action":7288,"simulate_template_action":286,"fleet_msearch_action":51741,"search_application_list_action":2,"get_data_lifecycles_action":31,"document_mget_action":918002,"ml_get_datafeeds_action":2780,"list_tasks_action":9,"bulk_action":5082532,"ingest_get_pipeline_action":224,"logstash_get_pipeline":7,"get_component_template_action":5134,"ml_info_action":2001,"put_component_template_action":367,"esql_async_query":36410,"get_composable_index_template_action":5225,"ilm_put_action":16,"slm_get_lifecycle":5,"xpack_info_action":296818,"xpack_security_get_api_key":38,"security_get_roles_action":37,"xpack_security_suggest_profile":8465,"delete_by_query_action":1703,"get_license":15262,"main_action":38574,"get_inference_model_action":43,"ilm_explain_action":1294,"fleet_search_action":64,"get_enrich_policy":6,"indices_stats_action":2246,"cat_nodes_action":2,"resolve_index_action":142,"simulate_index_template_action":319,"recovery_action":1,"get_snapshots_action":4,"slm_get_operation_mode_action":1,"get_rollup_index_caps":54,"update_settings_action":319,"put_composable_index_template_action":313,"security_put_role_action":2,"refresh_action":135,"search_scroll_action":99,"xpack_security_get_profile":179546},"aggregations":{}},"cadAw8rHRey02P9JG7EU5w":{"timestamp":1766489212068,"since":1764307426906,"rest_actions":{},"aggregations":{}},"p8x67SRnRRSe-fTgH6fW0A":{"timestamp":1766489212068,"since":1764314134557,"rest_actions":{},"aggregations":{"date_histogram":{"date":2339},"max":{"date":2124636},"random_sampler":{"other":65},"filters":{"other":7201},"top_hits":{"other":929},"cardinality":{"date":3,"keyword":31280,"ip":28},"sampler":{"other":99},"filter":{"other":3398},"min":{"date":161},"terms":{"keyword":7984},"composite":{"other":1062197},"significant_terms":{"keyword":860,"ip":10},"value_count":{"keyword":612},"categorize_text":{"other":42}}},"FpfZMqOJQOSb8QPexZxqwQ":{"timestamp":1766489212069,"since":1764306549696,"rest_actions":{},"aggregations":{}},"5zGVWtZuRN2K4L9nes5rQQ":{"timestamp":1766489212068,"since":1765290262307,"rest_actions":{"nodes_usage_action":2,"security_get_role_mappings_action":2,"ilm_get_action":2,"enrich_stats":2,"ml_get_datafeed_stats_action":2,"get_index_template_action":2,"cat_alias_action":2,"remote_cluster_info_action":2,"security_get_privileges_action":2,"get_mapping_action":2,"cat_count_action":2,"nodes_stats_action":4,"nodes_hot_threads_action":2,"ccr_stats":2,"ml_memory_action":2,"cat_segments_action":2,"ml_get_trained_models_stats_action":2,"cat_health_action":2,"slm_get_lifecycle_stats":2,"get_rollup_job":2,"searchable_snapshots_stats_action":2,"cluster_allocation_explain_action":4,"cluster_health_action":2,"count_action":2,"get_rollup_caps":2,"cat_templates_action":2,"cat_recovery_action":2,"list_dangling_indices":2,"transform_get_transform_node_stats_action":2,"cat_shards_action":6,"cluster_get_settings_action":4,"cat_plugins_action":2,"get_settings_action":2,"cat_indices_action":2,"ilm_get_operation_mode_action":2,"xpack_ml_get_data_frame_analytics_stats_action":2,"xpack_ml_get_data_frame_analytics_action":2,"transform_get_transform_action":2,"get_shutdown_status":2,"ccr_follower_info":2,"ml_get_datafeeds_action":2,"cat_master_action":4,"get_repositories_action":2,"list_tasks_action":2,"ingest_get_pipeline_action":2,"cat_node_attrs_action":2,"logstash_get_pipeline":2,"cat_threadpool_action":2,"get_component_template_action":2,"ml_info_action":2,"nodes_info_action":4,"get_desired_balance":2,"ml_get_jobs_action":2,"get_composable_index_template_action":2,"slm_get_lifecycle":2,"watcher_stats":4,"indices_shard_stores_action":2,"indices_segments_action":2,"security_get_roles_action":2,"get_autoscaling_capacity":2,"cat_fielddata_action":4,"searchable_snapshots_cache_stats_action":2,"get_license":2,"main_action":4,"ml_get_trained_models_action":2,"ilm_explain_action":4,"ml_get_job_stats_action":2,"ssl_get_certificates":2,"pending_cluster_tasks_action":2,"cat_repositories_action":2,"xpack_usage_action":2,"get_data_streams_action":2,"security_get_users_action":2,"get_enrich_policy":2,"health_action":2,"cat_pending_cluster_tasks_action":2,"indices_stats_action":2,"cat_nodes_action":4,"cluster_state_action":2,"cluster_stats_action":2,"recovery_action":2,"get_snapshots_action":2,"get_aliases_action":2,"slm_get_operation_mode_action":2,"get_profiling_status_action":2,"cat_allocation_action":4,"get_rollup_index_caps":2,"ccr_get_auto_follow_pattern_action":2,"transform_get_transform_stats_action":4,"geoip_downloader_stats":2},"aggregations":{"date_histogram":{"date":342395,"range":470},"geo_centroid":{"geopoint":14},"geotile_grid":{"geopoint":14},"range":{"date":13356},"random_sampler":{"other":12},"sum":{"numeric":45276,"counter":1795},"top_hits":{"other":1118887},"nested":{"other":11056},"min":{"date":31987,"numeric":18936},"avg":{"numeric":269707},"terms":{"date":5201,"numeric":5936,"boolean":12358,"keyword":3017050,"ip":149},"stats":{"date":1,"numeric":1575405},"composite":{"other":748069},"missing":{"keyword":27351},"value_count":{"keyword":2441,"numeric":1},"categorize_text":{"other":4498},"date_range":{"date":71},"percentiles":{"numeric":294},"max":{"date":272017,"numeric":584791,"counter":65755},"scripted_metric":{"other":319926},"top_metrics":{"other":539},"filters":{"other":483299},"cardinality":{"date":4,"boolean":10,"ip":4709,"numeric":2244,"geopoint":1,"keyword":67260},"sampler":{"other":226},"histogram":{"numeric":340133},"filter":{"other":122860},"reverse_nested":{"other":8693},"multi_terms":{"other":567}}},"HLzM4CFpSx-TKeGjft7BGA":{"timestamp":1766489212068,"since":1764305682089,"rest_actions":{},"aggregations":{}}}}