[{"path":"certs/http.p12","format":"PKCS12","alias":"http","subject_dn":"CN=afs-vm-eastus-elastic-az1-hot-p01","serial_number":"5bea4a710f76c429cf7fb036c805e6657d3904f4","has_private_key":true,"expiry":"2027-09-04T13:30:09.000Z","issuer":"CN=Elasticsearch security auto-configuration HTTP CA"},{"path":"certs/http.p12","format":"PKCS12","alias":"http","subject_dn":"CN=Elasticsearch security auto-configuration HTTP CA","serial_number":"78bbbf60910ce993ad3de2596cf5b23f306375ba","has_private_key":false,"expiry":"2028-09-03T13:07:27.000Z","issuer":"CN=Elasticsearch security auto-configuration HTTP CA"},{"path":"certs/http.p12","format":"PKCS12","alias":"http_ca","subject_dn":"CN=Elasticsearch security auto-configuration HTTP CA","serial_number":"78bbbf60910ce993ad3de2596cf5b23f306375ba","has_private_key":true,"expiry":"2028-09-03T13:07:27.000Z","issuer":"CN=Elasticsearch security auto-configuration HTTP CA"},{"path":"certs/transport.p12","format":"PKCS12","alias":"transport","subject_dn":"CN=Elasticsearch security auto-configuration transport CA","serial_number":"1a499153fb5f8974bfd05d2cd35b930a188b4ebd","has_private_key":false,"expiry":"2124-08-11T13:07:25.000Z","issuer":"CN=Elasticsearch security auto-configuration transport CA"},{"path":"certs/transport.p12","format":"PKCS12","alias":"transport","subject_dn":"CN=afs-vm-eastus-elastic-az1-mas-p01","serial_number":"a420ccd7b9f4075c636071e366db3cbe9995b9f5","has_private_key":true,"expiry":"2124-08-11T13:07:25.000Z","issuer":"CN=Elasticsearch security auto-configuration transport CA"},{"path":"certs/transport.p12","format":"PKCS12","alias":"transport_ca","subject_dn":"CN=Elasticsearch security auto-configuration transport CA","serial_number":"1a499153fb5f8974bfd05d2cd35b930a188b4ebd","has_private_key":false,"expiry":"2124-08-11T13:07:25.000Z","issuer":"CN=Elasticsearch security auto-configuration transport CA"}]