{".monitoring-beats":{"order":0,"version":8120099,"index_patterns":[".monitoring-beats-7-*"],"settings":{"index":{"format":"7","codec":"best_compression","number_of_shards":"1","auto_expand_replicas":"0-1","number_of_replicas":"0"}},"mappings":{"dynamic":false,"properties":{"beats_state":{"properties":{"beat":{"properties":{"host":{"type":"keyword"},"name":{"type":"keyword"},"type":{"type":"keyword"},"uuid":{"type":"keyword"},"version":{"type":"keyword"}}},"state":{"properties":{"beat":{"properties":{"name":{"type":"keyword"}}},"host":{"properties":{"architecture":{"type":"keyword"},"name":{"type":"keyword"},"hostname":{"type":"keyword"},"os":{"properties":{"build":{"type":"keyword"},"family":{"type":"keyword"},"platform":{"type":"keyword"},"version":{"type":"keyword"}}}}},"input":{"properties":{"count":{"type":"long"},"names":{"type":"keyword"}}},"module":{"properties":{"count":{"type":"long"},"names":{"type":"keyword"}}},"output":{"properties":{"name":{"type":"keyword"}}},"service":{"properties":{"id":{"type":"keyword"},"name":{"type":"keyword"},"version":{"type":"keyword"}}}}},"timestamp":{"format":"date_time","type":"date"}}},"beats_stats":{"properties":{"beat":{"properties":{"host":{"type":"keyword"},"name":{"type":"keyword"},"type":{"type":"keyword"},"uuid":{"type":"keyword"},"version":{"type":"keyword"}}},"metrics":{"properties":{"beat":{"properties":{"cgroup":{"properties":{"cpu":{"properties":{"id":{"type":"keyword"},"cfs":{"properties":{"period":{"properties":{"us":{"type":"long"}}},"quota":{"properties":{"us":{"type":"long"}}}}},"stats":{"properties":{"periods":{"type":"long"},"throttled":{"properties":{"periods":{"type":"long"},"ns":{"type":"long"}}}}}}},"cpuacct":{"properties":{"id":{"type":"keyword"},"total":{"properties":{"ns":{"type":"long"}}}}},"memory":{"properties":{"id":{"type":"keyword"},"mem":{"properties":{"limit":{"properties":{"bytes":{"type":"long"}}},"usage":{"properties":{"bytes":{"type":"long"}}}}}}}}},"cpu":{"properties":{"system":{"properties":{"ticks":{"type":"long"},"time":{"properties":{"ms":{"type":"long"}}}}},"total":{"properties":{"value":{"type":"long"},"ticks":{"type":"long"},"time":{"properties":{"ms":{"type":"long"}}}}},"user":{"properties":{"ticks":{"type":"long"},"time":{"properties":{"ms":{"type":"long"}}}}}}},"info":{"properties":{"ephemeral_id":{"type":"keyword"},"uptime":{"properties":{"ms":{"type":"long"}}},"version":{"type":"keyword"}}},"memstats":{"properties":{"gc_next":{"type":"long"},"memory_alloc":{"type":"long"},"memory_total":{"type":"long"},"rss":{"type":"long"}}},"handles":{"properties":{"open":{"type":"long"},"limit":{"properties":{"hard":{"type":"long"},"soft":{"type":"long"}}}}}}},"apm-server":{"properties":{"acm":{"properties":{"request":{"properties":{"count":{"type":"long"}}},"response":{"properties":{"count":{"type":"long"},"errors":{"properties":{"closed":{"type":"long"},"count":{"type":"long"},"decode":{"type":"long"},"forbidden":{"type":"long"},"internal":{"type":"long"},"invalidquery":{"type":"long"},"method":{"type":"long"},"notfound":{"type":"long"},"queue":{"type":"long"},"ratelimit":{"type":"long"},"timeout":{"type":"long"},"toolarge":{"type":"long"},"unauthorized":{"type":"long"},"unavailable":{"type":"long"},"validate":{"type":"long"}}},"valid":{"properties":{"accepted":{"type":"long"},"count":{"type":"long"},"notmodified":{"type":"long"},"ok":{"type":"long"}}}}},"unset":{"type":"long"}}},"agentcfg":{"properties":{"elasticsearch":{"properties":{"cache":{"properties":{"entries":{"properties":{"count":{"type":"long"}}},"refresh":{"properties":{"failures":{"type":"long"},"successes":{"type":"long"}}}}},"fetch":{"properties":{"es":{"type":"long"},"fallback":{"type":"long"},"invalid":{"type":"long"},"unavailable":{"type":"long"}}}}}}},"jaeger":{"properties":{"grpc":{"properties":{"collect":{"properties":{"request":{"properties":{"count":{"type":"long"}}},"response":{"properties":{"count":{"type":"long"},"errors":{"properties":{"count":{"type":"long"},"ratelimit":{"type":"long"},"timeout":{"type":"long"},"unauthorized":{"type":"long"}}},"valid":{"properties":{"count":{"type":"long"}}}}}}},"sampling":{"properties":{"event":{"properties":{"received":{"properties":{"count":{"type":"long"}}}}},"request":{"properties":{"count":{"type":"long"}}},"response":{"properties":{"count":{"type":"long"},"errors":{"properties":{"count":{"type":"long"}}},"valid":{"properties":{"count":{"type":"long"}}}}}}}}}}},"otlp":{"properties":{"grpc":{"properties":{"logs":{"properties":{"request":{"properties":{"count":{"type":"long"}}},"response":{"properties":{"count":{"type":"long"},"errors":{"properties":{"count":{"type":"long"},"ratelimit":{"type":"long"},"timeout":{"type":"long"},"unauthorized":{"type":"long"}}},"valid":{"properties":{"count":{"type":"long"}}}}}}},"metrics":{"properties":{"consumer":{"properties":{"unsupported_dropped":{"type":"long"}}},"request":{"properties":{"count":{"type":"long"}}},"response":{"properties":{"count":{"type":"long"},"errors":{"properties":{"count":{"type":"long"},"ratelimit":{"type":"long"},"timeout":{"type":"long"},"unauthorized":{"type":"long"}}},"valid":{"properties":{"count":{"type":"long"}}}}}}},"traces":{"properties":{"request":{"properties":{"count":{"type":"long"}}},"response":{"properties":{"count":{"type":"long"},"errors":{"properties":{"count":{"type":"long"},"ratelimit":{"type":"long"},"timeout":{"type":"long"},"unauthorized":{"type":"long"}}},"valid":{"properties":{"count":{"type":"long"}}}}}}}}},"http":{"properties":{"logs":{"properties":{"request":{"properties":{"count":{"type":"long"}}},"response":{"properties":{"count":{"type":"long"},"errors":{"properties":{"count":{"type":"long"},"ratelimit":{"type":"long"},"timeout":{"type":"long"},"unauthorized":{"type":"long"}}},"valid":{"properties":{"count":{"type":"long"}}}}}}},"metrics":{"properties":{"consumer":{"properties":{"unsupported_dropped":{"type":"long"}}},"request":{"properties":{"count":{"type":"long"}}},"response":{"properties":{"count":{"type":"long"},"errors":{"properties":{"count":{"type":"long"},"ratelimit":{"type":"long"},"timeout":{"type":"long"},"unauthorized":{"type":"long"}}},"valid":{"properties":{"count":{"type":"long"}}}}}}},"traces":{"properties":{"request":{"properties":{"count":{"type":"long"}}},"response":{"properties":{"count":{"type":"long"},"errors":{"properties":{"count":{"type":"long"},"ratelimit":{"type":"long"},"timeout":{"type":"long"},"unauthorized":{"type":"long"}}},"valid":{"properties":{"count":{"type":"long"}}}}}}}}}}},"processor":{"properties":{"error":{"properties":{"transformations":{"type":"long"}}},"metric":{"properties":{"transformations":{"type":"long"}}},"span":{"properties":{"transformations":{"type":"long"}}},"stream":{"properties":{"accepted":{"type":"long"},"errors":{"properties":{"invalid":{"type":"long"},"toolarge":{"type":"long"}}}}},"transaction":{"properties":{"transformations":{"type":"long"}}}}},"root":{"properties":{"request":{"properties":{"count":{"type":"long"}}},"response":{"properties":{"count":{"type":"long"},"errors":{"properties":{"closed":{"type":"long"},"count":{"type":"long"},"decode":{"type":"long"},"forbidden":{"type":"long"},"internal":{"type":"long"},"invalidquery":{"type":"long"},"method":{"type":"long"},"notfound":{"type":"long"},"queue":{"type":"long"},"ratelimit":{"type":"long"},"timeout":{"type":"long"},"toolarge":{"type":"long"},"unauthorized":{"type":"long"},"unavailable":{"type":"long"},"validate":{"type":"long"}}},"valid":{"properties":{"accepted":{"type":"long"},"count":{"type":"long"},"notmodified":{"type":"long"},"ok":{"type":"long"}}}}},"unset":{"type":"long"}}},"sampling":{"properties":{"tail":{"properties":{"dynamic_service_groups":{"type":"long"},"events":{"properties":{"dropped":{"type":"long"},"failed_writes":{"type":"long"},"head_unsampled":{"type":"long"},"processed":{"type":"long"},"sampled":{"type":"long"},"stored":{"type":"long"}}},"storage":{"properties":{"lsm_size":{"type":"long"},"value_log_size":{"type":"long"}}}}},"transactions_dropped":{"type":"long"}}},"server":{"properties":{"request":{"properties":{"count":{"type":"long"}}},"response":{"properties":{"count":{"type":"long"},"errors":{"properties":{"closed":{"type":"long"},"concurrency":{"type":"long"},"count":{"type":"long"},"decode":{"type":"long"},"forbidden":{"type":"long"},"internal":{"type":"long"},"invalidquery":{"type":"long"},"method":{"type":"long"},"notfound":{"type":"long"},"queue":{"type":"long"},"ratelimit":{"type":"long"},"timeout":{"type":"long"},"toolarge":{"type":"long"},"unauthorized":{"type":"long"},"unavailable":{"type":"long"},"validate":{"type":"long"}}},"valid":{"properties":{"accepted":{"type":"long"},"count":{"type":"long"},"notmodified":{"type":"long"},"ok":{"type":"long"}}}}},"unset":{"type":"long"}}}}},"libbeat":{"properties":{"config":{"properties":{"module":{"properties":{"running":{"type":"long"},"starts":{"type":"long"},"stops":{"type":"long"}}},"reloads":{"type":"long"}}},"output":{"properties":{"events":{"properties":{"acked":{"type":"long"},"active":{"type":"long"},"batches":{"type":"long"},"dropped":{"type":"long"},"duplicates":{"type":"long"},"failed":{"type":"long"},"total":{"type":"long"},"toomany":{"type":"long"}}},"read":{"properties":{"bytes":{"type":"long"},"errors":{"type":"long"}}},"type":{"type":"keyword"},"write":{"properties":{"bytes":{"type":"long"},"errors":{"type":"long"}}}}},"pipeline":{"properties":{"clients":{"type":"long"},"events":{"properties":{"active":{"type":"long"},"dropped":{"type":"long"},"failed":{"type":"long"},"filtered":{"type":"long"},"published":{"type":"long"},"retry":{"type":"long"},"total":{"type":"long"}}},"queue":{"properties":{"acked":{"type":"long"},"max_events":{"type":"long"}}}}}}},"system":{"properties":{"load":{"properties":{"1":{"type":"double"},"15":{"type":"double"},"5":{"type":"double"},"norm":{"properties":{"1":{"type":"double"},"15":{"type":"double"},"5":{"type":"double"}}}}}}},"output":{"properties":{"elasticsearch":{"properties":{"bulk_requests":{"properties":{"available":{"type":"long"},"completed":{"type":"long"}}},"indexers":{"properties":{"active":{"type":"long"},"created":{"type":"long"},"destroyed":{"type":"long"}}}}}}}}},"tags":{"type":"keyword"},"timestamp":{"format":"date_time","type":"date"}}},"cluster_uuid":{"type":"keyword"},"interval_ms":{"type":"long"},"source_node":{"properties":{"host":{"type":"keyword"},"ip":{"type":"keyword"},"name":{"type":"keyword"},"transport_address":{"type":"keyword"},"uuid":{"type":"keyword"}}},"timestamp":{"format":"date_time","type":"date"},"type":{"type":"keyword"}}},"aliases":{}},".monitoring-kibana":{"order":0,"version":8120099,"index_patterns":[".monitoring-kibana-7-*"],"settings":{"index":{"format":"7","codec":"best_compression","number_of_shards":"1","auto_expand_replicas":"0-1"}},"mappings":{"dynamic":false,"properties":{"cluster_uuid":{"type":"keyword"},"timestamp":{"type":"date","format":"date_time"},"interval_ms":{"type":"long"},"type":{"type":"keyword"},"source_node":{"properties":{"uuid":{"type":"keyword"},"host":{"type":"keyword"},"transport_address":{"type":"keyword"},"ip":{"type":"keyword"},"name":{"type":"keyword"},"timestamp":{"type":"date","format":"date_time"}}},"kibana_stats":{"properties":{"usage":{"properties":{"index":{"type":"keyword"}}},"kibana":{"properties":{"uuid":{"type":"keyword"},"name":{"type":"keyword"},"host":{"type":"keyword"},"transport_address":{"type":"keyword"},"version":{"type":"keyword"},"snapshot":{"type":"boolean"},"status":{"type":"keyword"},"statuses":{"properties":{"name":{"type":"keyword"},"state":{"type":"keyword"}}}}},"cloud":{"properties":{"name":{"type":"keyword"},"id":{"type":"keyword"},"vm_type":{"type":"keyword"},"region":{"type":"keyword"},"zone":{"type":"keyword"},"metadata":{"type":"object"}}},"os":{"properties":{"load":{"properties":{"1m":{"type":"half_float"},"5m":{"type":"half_float"},"15m":{"type":"half_float"}}},"memory":{"properties":{"total_in_bytes":{"type":"float"},"free_in_bytes":{"type":"float"},"used_in_bytes":{"type":"float"}}},"uptime_in_millis":{"type":"long"}}},"process":{"properties":{"memory":{"properties":{"heap":{"properties":{"total_in_bytes":{"type":"float"},"used_in_bytes":{"type":"float"},"size_limit":{"type":"float"}}},"resident_set_size_in_bytes":{"type":"float"}}},"event_loop_delay":{"type":"float"},"uptime_in_millis":{"type":"long"}}},"sockets":{"properties":{"http":{"properties":{"total":{"type":"long"}}},"https":{"properties":{"total":{"type":"long"}}}}},"timestamp":{"type":"date"},"requests":{"properties":{"disconnects":{"type":"long"},"total":{"type":"long"},"status_codes":{"type":"object"}}},"response_times":{"properties":{"average":{"type":"float"},"max":{"type":"float"}}},"concurrent_connections":{"type":"long"}}}}},"aliases":{}},".monitoring-logstash":{"order":0,"version":8120099,"index_patterns":[".monitoring-logstash-7-*"],"settings":{"index":{"format":"7","codec":"best_compression","number_of_shards":"1","auto_expand_replicas":"0-1"}},"mappings":{"dynamic":false,"properties":{"cluster_uuid":{"type":"keyword"},"timestamp":{"type":"date","format":"date_time"},"interval_ms":{"type":"long"},"type":{"type":"keyword"},"source_node":{"properties":{"uuid":{"type":"keyword"},"host":{"type":"keyword"},"transport_address":{"type":"keyword"},"ip":{"type":"keyword"},"name":{"type":"keyword"},"timestamp":{"type":"date","format":"date_time"}}},"logstash_stats":{"type":"object","properties":{"logstash":{"properties":{"uuid":{"type":"keyword"},"name":{"type":"keyword"},"ephemeral_id":{"type":"keyword"},"host":{"type":"keyword"},"http_address":{"type":"keyword"},"version":{"type":"keyword"},"snapshot":{"type":"boolean"},"status":{"type":"keyword"},"pipeline":{"properties":{"workers":{"type":"short"},"batch_size":{"type":"long"}}}}},"events":{"properties":{"filtered":{"type":"long"},"in":{"type":"long"},"out":{"type":"long"},"duration_in_millis":{"type":"long"}}},"timestamp":{"type":"date"},"jvm":{"properties":{"uptime_in_millis":{"type":"long"},"gc":{"properties":{"collectors":{"properties":{"old":{"properties":{"collection_count":{"type":"long"},"collection_time_in_millis":{"type":"long"}}},"young":{"properties":{"collection_count":{"type":"long"},"collection_time_in_millis":{"type":"long"}}}}}}},"mem":{"properties":{"heap_max_in_bytes":{"type":"long"},"heap_used_in_bytes":{"type":"long"},"heap_used_percent":{"type":"long"}}}}},"os":{"properties":{"cpu":{"properties":{"load_average":{"properties":{"1m":{"type":"half_float"},"5m":{"type":"half_float"},"15m":{"type":"half_float"}}}}},"cgroup":{"properties":{"cpuacct":{"properties":{"control_group":{"type":"keyword"},"usage_nanos":{"type":"long"}}},"cpu":{"properties":{"control_group":{"type":"keyword"},"stat":{"properties":{"number_of_elapsed_periods":{"type":"long"},"number_of_times_throttled":{"type":"long"},"time_throttled_nanos":{"type":"long"}}},"cfs_quota_micros":{"type":"long"}}}}}}},"process":{"properties":{"cpu":{"properties":{"percent":{"type":"long"}}},"max_file_descriptors":{"type":"long"},"open_file_descriptors":{"type":"long"}}},"reloads":{"properties":{"failures":{"type":"long"},"successes":{"type":"long"}}},"queue":{"properties":{"events_count":{"type":"long"},"type":{"type":"keyword"}}},"pipelines":{"type":"nested","properties":{"id":{"type":"keyword"},"hash":{"type":"keyword"},"ephemeral_id":{"type":"keyword"},"events":{"properties":{"in":{"type":"long"},"filtered":{"type":"long"},"out":{"type":"long"},"duration_in_millis":{"type":"long"},"queue_push_duration_in_millis":{"type":"long"}}},"queue":{"properties":{"events_count":{"type":"long"},"type":{"type":"keyword"},"max_queue_size_in_bytes":{"type":"long"},"queue_size_in_bytes":{"type":"long"}}},"vertices":{"type":"nested","properties":{"id":{"type":"keyword"},"pipeline_ephemeral_id":{"type":"keyword"},"events_in":{"type":"long"},"events_out":{"type":"long"},"duration_in_millis":{"type":"long"},"queue_push_duration_in_millis":{"type":"long"},"long_counters":{"type":"nested","properties":{"name":{"type":"keyword"},"value":{"type":"long"}}},"double_gauges":{"type":"nested","properties":{"name":{"type":"keyword"},"value":{"type":"double"}}}}},"reloads":{"properties":{"failures":{"type":"long"},"successes":{"type":"long"}}}}},"workers":{"type":"short"},"batch_size":{"type":"integer"}}},"logstash_state":{"properties":{"uuid":{"type":"keyword"},"name":{"type":"keyword"},"host":{"type":"keyword"},"http_address":{"type":"keyword"},"ephemeral_id":{"type":"keyword"},"version":{"type":"keyword"},"snapshot":{"type":"boolean"},"status":{"type":"keyword"},"pipeline":{"properties":{"id":{"type":"keyword"},"hash":{"type":"keyword"},"ephemeral_id":{"type":"keyword"},"workers":{"type":"short"},"batch_size":{"type":"integer"},"format":{"type":"keyword"},"version":{"type":"keyword"},"representation":{"enabled":false}}}}}}},"aliases":{}},".monitoring-es":{"order":0,"version":8120099,"index_patterns":[".monitoring-es-7-*"],"settings":{"index":{"format":"7","codec":"best_compression","number_of_shards":"1","auto_expand_replicas":"0-1"}},"mappings":{"date_detection":false,"dynamic":false,"properties":{"cluster_uuid":{"type":"keyword"},"state_uuid":{"type":"keyword"},"timestamp":{"type":"date","format":"date_time"},"interval_ms":{"type":"long"},"type":{"type":"keyword"},"source_node":{"properties":{"uuid":{"type":"keyword"},"host":{"type":"keyword"},"transport_address":{"type":"keyword"},"ip":{"type":"keyword"},"name":{"type":"keyword"},"timestamp":{"type":"date","format":"date_time"}}},"indices_stats":{"properties":{"_all":{"properties":{"primaries":{"properties":{"docs":{"properties":{"count":{"type":"long"}}},"indexing":{"properties":{"index_total":{"type":"long"},"index_time_in_millis":{"type":"long"}}},"search":{"properties":{"query_total":{"type":"long"},"query_time_in_millis":{"type":"long"}}},"bulk":{"properties":{"total_operations":{"type":"long"},"total_time_in_millis":{"type":"long"},"total_size_in_bytes":{"type":"long"},"avg_time_in_millis":{"type":"long"},"avg_size_in_bytes":{"type":"long"}}}}},"total":{"properties":{"docs":{"properties":{"count":{"type":"long"}}},"indexing":{"properties":{"index_total":{"type":"long"},"index_time_in_millis":{"type":"long"}}},"search":{"properties":{"query_total":{"type":"long"},"query_time_in_millis":{"type":"long"}}},"bulk":{"properties":{"total_operations":{"type":"long"},"total_time_in_millis":{"type":"long"},"total_size_in_bytes":{"type":"long"},"avg_time_in_millis":{"type":"long"},"avg_size_in_bytes":{"type":"long"}}}}}}}}},"index_stats":{"properties":{"index":{"type":"keyword"},"primaries":{"properties":{"docs":{"properties":{"count":{"type":"long"}}},"fielddata":{"properties":{"memory_size_in_bytes":{"type":"long"},"evictions":{"type":"long"},"global_ordinals":{"properties":{"build_time_in_millis":{"type":"long"}}}}},"store":{"properties":{"size_in_bytes":{"type":"long"}}},"indexing":{"properties":{"index_total":{"type":"long"},"index_time_in_millis":{"type":"long"},"throttle_time_in_millis":{"type":"long"}}},"merges":{"properties":{"total_size_in_bytes":{"type":"long"}}},"query_cache":{"properties":{"memory_size_in_bytes":{"type":"long"},"evictions":{"type":"long"},"hit_count":{"type":"long"},"miss_count":{"type":"long"}}},"request_cache":{"properties":{"memory_size_in_bytes":{"type":"long"},"evictions":{"type":"long"},"hit_count":{"type":"long"},"miss_count":{"type":"long"}}},"search":{"properties":{"query_total":{"type":"long"},"query_time_in_millis":{"type":"long"}}},"segments":{"properties":{"count":{"type":"integer"},"memory_in_bytes":{"type":"long"},"terms_memory_in_bytes":{"type":"long"},"points_memory_in_bytes":{"type":"long"},"stored_fields_memory_in_bytes":{"type":"long"},"term_vectors_memory_in_bytes":{"type":"long"},"norms_memory_in_bytes":{"type":"long"},"doc_values_memory_in_bytes":{"type":"long"},"index_writer_memory_in_bytes":{"type":"long"},"version_map_memory_in_bytes":{"type":"long"},"fixed_bit_set_memory_in_bytes":{"type":"long"}}},"refresh":{"properties":{"total_time_in_millis":{"type":"long"}}},"bulk":{"properties":{"total_operations":{"type":"long"},"total_time_in_millis":{"type":"long"},"total_size_in_bytes":{"type":"long"},"avg_time_in_millis":{"type":"long"},"avg_size_in_bytes":{"type":"long"}}}}},"total":{"properties":{"docs":{"properties":{"count":{"type":"long"}}},"fielddata":{"properties":{"memory_size_in_bytes":{"type":"long"},"evictions":{"type":"long"},"global_ordinals":{"properties":{"build_time_in_millis":{"type":"long"}}}}},"store":{"properties":{"size_in_bytes":{"type":"long"}}},"indexing":{"properties":{"index_total":{"type":"long"},"index_time_in_millis":{"type":"long"},"throttle_time_in_millis":{"type":"long"}}},"merges":{"properties":{"total_size_in_bytes":{"type":"long"}}},"query_cache":{"properties":{"memory_size_in_bytes":{"type":"long"},"evictions":{"type":"long"},"hit_count":{"type":"long"},"miss_count":{"type":"long"}}},"request_cache":{"properties":{"memory_size_in_bytes":{"type":"long"},"evictions":{"type":"long"},"hit_count":{"type":"long"},"miss_count":{"type":"long"}}},"search":{"properties":{"query_total":{"type":"long"},"query_time_in_millis":{"type":"long"}}},"segments":{"properties":{"count":{"type":"integer"},"memory_in_bytes":{"type":"long"},"terms_memory_in_bytes":{"type":"long"},"points_memory_in_bytes":{"type":"long"},"stored_fields_memory_in_bytes":{"type":"long"},"term_vectors_memory_in_bytes":{"type":"long"},"norms_memory_in_bytes":{"type":"long"},"doc_values_memory_in_bytes":{"type":"long"},"index_writer_memory_in_bytes":{"type":"long"},"version_map_memory_in_bytes":{"type":"long"},"fixed_bit_set_memory_in_bytes":{"type":"long"}}},"refresh":{"properties":{"total_time_in_millis":{"type":"long"}}},"bulk":{"properties":{"total_operations":{"type":"long"},"total_time_in_millis":{"type":"long"},"total_size_in_bytes":{"type":"long"},"avg_time_in_millis":{"type":"long"},"avg_size_in_bytes":{"type":"long"}}}}}}},"cluster_stats":{"properties":{"nodes":{"type":"object"},"indices":{"type":"object"}}},"cluster_state":{"properties":{"version":{"type":"long"},"nodes_hash":{"type":"integer"},"master_node":{"type":"keyword"},"state_uuid":{"type":"keyword"},"status":{"type":"keyword"},"nodes":{"type":"object"},"shards":{"type":"object"}}},"node_stats":{"properties":{"node_id":{"type":"keyword"},"node_master":{"type":"boolean"},"mlockall":{"type":"boolean"},"indices":{"properties":{"docs":{"properties":{"count":{"type":"long"}}},"fielddata":{"properties":{"memory_size_in_bytes":{"type":"long"},"evictions":{"type":"long"},"global_ordinals":{"properties":{"build_time_in_millis":{"type":"long"}}}}},"indexing":{"properties":{"index_time_in_millis":{"type":"long"},"index_total":{"type":"long"},"throttle_time_in_millis":{"type":"long"}}},"query_cache":{"properties":{"memory_size_in_bytes":{"type":"long"},"evictions":{"type":"long"},"hit_count":{"type":"long"},"miss_count":{"type":"long"}}},"request_cache":{"properties":{"memory_size_in_bytes":{"type":"long"},"evictions":{"type":"long"},"hit_count":{"type":"long"},"miss_count":{"type":"long"}}},"search":{"properties":{"query_time_in_millis":{"type":"long"},"query_total":{"type":"long"}}},"segments":{"properties":{"count":{"type":"integer"},"memory_in_bytes":{"type":"long"},"terms_memory_in_bytes":{"type":"long"},"points_memory_in_bytes":{"type":"long"},"stored_fields_memory_in_bytes":{"type":"long"},"term_vectors_memory_in_bytes":{"type":"long"},"norms_memory_in_bytes":{"type":"long"},"doc_values_memory_in_bytes":{"type":"long"},"index_writer_memory_in_bytes":{"type":"long"},"version_map_memory_in_bytes":{"type":"long"},"fixed_bit_set_memory_in_bytes":{"type":"long"}}},"store":{"properties":{"size_in_bytes":{"type":"long"}}},"bulk":{"properties":{"total_operations":{"type":"long"},"total_time_in_millis":{"type":"long"},"total_size_in_bytes":{"type":"long"},"avg_time_in_millis":{"type":"long"},"avg_size_in_bytes":{"type":"long"}}}}},"fs":{"properties":{"total":{"properties":{"total_in_bytes":{"type":"long"},"free_in_bytes":{"type":"long"},"available_in_bytes":{"type":"long"}}},"data":{"properties":{"spins":{"type":"boolean"}}},"io_stats":{"properties":{"total":{"properties":{"operations":{"type":"long"},"read_operations":{"type":"long"},"write_operations":{"type":"long"},"read_kilobytes":{"type":"long"},"write_kilobytes":{"type":"long"}}}}}}},"os":{"properties":{"cgroup":{"properties":{"cpuacct":{"properties":{"control_group":{"type":"keyword"},"usage_nanos":{"type":"long"}}},"cpu":{"properties":{"cfs_quota_micros":{"type":"long"},"control_group":{"type":"keyword"},"stat":{"properties":{"number_of_elapsed_periods":{"type":"long"},"number_of_times_throttled":{"type":"long"},"time_throttled_nanos":{"type":"long"}}}}},"memory":{"properties":{"control_group":{"type":"keyword"},"limit_in_bytes":{"type":"keyword"},"usage_in_bytes":{"type":"keyword"}}}}},"cpu":{"properties":{"load_average":{"properties":{"1m":{"type":"half_float"},"5m":{"type":"half_float"},"15m":{"type":"half_float"}}}}}}},"process":{"properties":{"open_file_descriptors":{"type":"long"},"max_file_descriptors":{"type":"long"},"cpu":{"properties":{"percent":{"type":"half_float"}}}}},"jvm":{"properties":{"mem":{"properties":{"heap_used_in_bytes":{"type":"long"},"heap_used_percent":{"type":"half_float"},"heap_max_in_bytes":{"type":"long"}}},"gc":{"properties":{"collectors":{"properties":{"young":{"properties":{"collection_count":{"type":"long"},"collection_time_in_millis":{"type":"long"}}},"old":{"properties":{"collection_count":{"type":"long"},"collection_time_in_millis":{"type":"long"}}}}}}}}},"thread_pool":{"properties":{"bulk":{"properties":{"threads":{"type":"integer"},"queue":{"type":"integer"},"rejected":{"type":"long"}}},"generic":{"properties":{"threads":{"type":"integer"},"queue":{"type":"integer"},"rejected":{"type":"long"}}},"get":{"properties":{"threads":{"type":"integer"},"queue":{"type":"integer"},"rejected":{"type":"long"}}},"index":{"properties":{"threads":{"type":"integer"},"queue":{"type":"integer"},"rejected":{"type":"long"}}},"management":{"properties":{"threads":{"type":"integer"},"queue":{"type":"integer"},"rejected":{"type":"long"}}},"search":{"properties":{"threads":{"type":"integer"},"queue":{"type":"integer"},"rejected":{"type":"long"}}},"watcher":{"properties":{"threads":{"type":"integer"},"queue":{"type":"integer"},"rejected":{"type":"long"}}},"write":{"properties":{"queue":{"type":"integer"},"rejected":{"type":"long"}}}}}}},"index_recovery":{"type":"object"},"shard":{"properties":{"state":{"type":"keyword"},"primary":{"type":"boolean"},"index":{"type":"keyword"},"relocating_node":{"type":"keyword"},"shard":{"type":"long"},"node":{"type":"keyword"}}},"job_stats":{"properties":{"job_id":{"type":"keyword"},"state":{"type":"keyword"},"data_counts":{"properties":{"input_bytes":{"type":"long"},"processed_record_count":{"type":"long"},"empty_bucket_count":{"type":"long"},"sparse_bucket_count":{"type":"long"},"bucket_count":{"type":"long"},"earliest_record_timestamp":{"type":"date"},"latest_record_timestamp":{"type":"date"}}},"model_size_stats":{"properties":{"model_bytes":{"type":"long"},"bucket_allocation_failures_count":{"type":"long"}}},"node":{"properties":{"id":{"type":"keyword"}}}}},"ccr_stats":{"properties":{"remote_cluster":{"type":"keyword"},"leader_index":{"type":"keyword"},"follower_index":{"type":"keyword"},"shard_id":{"type":"integer"},"leader_global_checkpoint":{"type":"long"},"leader_max_seq_no":{"type":"long"},"follower_global_checkpoint":{"type":"long"},"follower_max_seq_no":{"type":"long"},"last_requested_seq_no":{"type":"long"},"outstanding_read_requests":{"type":"long"},"outstanding_write_requests":{"type":"long"},"write_buffer_operation_count":{"type":"long"},"write_buffer_size_in_bytes":{"type":"long"},"follower_mapping_version":{"type":"long"},"follower_settings_version":{"type":"long"},"follower_aliases_version":{"type":"long"},"total_read_time_millis":{"type":"long"},"total_read_remote_exec_time_millis":{"type":"long"},"successful_read_requests":{"type":"long"},"failed_read_requests":{"type":"long"},"operations_read":{"type":"long"},"bytes_read":{"type":"long"},"total_write_time_millis":{"type":"long"},"successful_write_requests":{"type":"long"},"failed_write_requests":{"type":"long"},"operations_written":{"type":"long"},"read_exceptions":{"type":"nested","properties":{"from_seq_no":{"type":"long"},"retries":{"type":"integer"},"exception":{"type":"object","properties":{"type":{"type":"keyword"},"reason":{"type":"text"}}}}},"time_since_last_read_millis":{"type":"long"},"fatal_exception":{"type":"object","properties":{"type":{"type":"keyword"},"reason":{"type":"text"}}}}},"ccr_auto_follow_stats":{"properties":{"number_of_failed_follow_indices":{"type":"long"},"number_of_failed_remote_cluster_state_requests":{"type":"long"},"number_of_successful_follow_indices":{"type":"long"},"recent_auto_follow_errors":{"type":"nested","properties":{"leader_index":{"type":"keyword"},"timestamp":{"type":"long"},"auto_follow_exception":{"type":"object","properties":{"type":{"type":"keyword"},"reason":{"type":"text"}}}}},"auto_followed_clusters":{"type":"nested","properties":{"cluster_name":{"type":"keyword"},"time_since_last_check_millis":{"type":"long"},"last_seen_metadata_version":{"type":"long"}}}}},"enrich_coordinator_stats":{"properties":{"node_id":{"type":"keyword"},"queue_size":{"type":"integer"},"remote_requests_current":{"type":"long"},"remote_requests_total":{"type":"long"},"executed_searches_total":{"type":"long"}}},"enrich_executing_policy_stats":{"properties":{"name":{"type":"keyword"},"task":{"type":"object","properties":{"node":{"type":"keyword"},"id":{"type":"long"},"type":{"type":"keyword"},"action":{"type":"keyword"},"description":{"type":"keyword"},"start_time_in_millis":{"type":"date","format":"epoch_millis"},"running_time_in_nanos":{"type":"long"},"cancellable":{"type":"boolean"}}}}}}},"aliases":{}},".monitoring-alerts-7":{"order":0,"version":8120099,"index_patterns":[".monitoring-alerts-7"],"settings":{"index":{"format":"7","codec":"best_compression","number_of_shards":"1","auto_expand_replicas":"0-1"}},"mappings":{"dynamic":false,"properties":{"timestamp":{"type":"date"},"update_timestamp":{"type":"date"},"resolved_timestamp":{"type":"date"},"prefix":{"type":"text"},"message":{"type":"text"},"suffix":{"type":"text"},"metadata":{"properties":{"cluster_uuid":{"type":"keyword"},"link":{"type":"keyword"},"severity":{"type":"short"},"type":{"type":"keyword"},"version":{"type":"keyword"},"watch":{"type":"keyword"}}}}},"aliases":{}}}