{"nodes":{"5zGVWtZuRN2K4L9nes5rQQ":{"shared_cache":{"reads":0,"bytes_read":"0b","bytes_read_in_bytes":0,"writes":0,"bytes_written":"0b","bytes_written_in_bytes":0,"evictions":0,"num_regions":0,"size":"0b","size_in_bytes":0,"region_size":"16mb","region_size_in_bytes":16777216}},"p8x67SRnRRSe-fTgH6fW0A":{"shared_cache":{"reads":30882964,"bytes_read":"216tb","bytes_read_in_bytes":237585864681841,"writes":10356,"bytes_written":"158.6gb","bytes_written_in_bytes":170371874816,"evictions":0,"num_regions":173735,"size":"2.6tb","size_in_bytes":2914793824256,"region_size":"16mb","region_size_in_bytes":16777216}},"SywzE6bgQ6uWp_7InJeFuw":{"shared_cache":{"reads":27052716,"bytes_read":"195.5tb","bytes_read_in_bytes":215044462159244,"writes":9722,"bytes_written":"146.2gb","bytes_written_in_bytes":157088038912,"evictions":0,"num_regions":173735,"size":"2.6tb","size_in_bytes":2914793824256,"region_size":"16mb","region_size_in_bytes":16777216}},"qH6PNowDS1GslOgh_1HN_A":{"shared_cache":{"reads":0,"bytes_read":"0b","bytes_read_in_bytes":0,"writes":0,"bytes_written":"0b","bytes_written_in_bytes":0,"evictions":0,"num_regions":0,"size":"0b","size_in_bytes":0,"region_size":"16mb","region_size_in_bytes":16777216}}}}