{"stats":{"successful_downloads":15,"failed_downloads":0,"total_download_time":10677,"databases_count":3,"skipped_updates":0,"expired_databases":0},"nodes":{"5zGVWtZuRN2K4L9nes5rQQ":{"databases":[{"name":"GeoLite2-ASN.mmdb"},{"name":"GeoLite2-Country.mmdb"},{"name":"GeoLite2-City.mmdb"}],"files_in_temp":["GeoLite2-Country.mmdb_elastic-geoip-database-service-agreement-LICENSE.txt","GeoLite2-City.mmdb_LICENSE.txt","GeoLite2-ASN.mmdb_LICENSE.txt","GeoLite2-Country.mmdb_LICENSE.txt","GeoLite2-ASN.mmdb","GeoLite2-City.mmdb_COPYRIGHT.txt","GeoLite2-Country.mmdb","GeoLite2-City.mmdb","GeoLite2-City.mmdb_README.txt","GeoLite2-Country.mmdb_COPYRIGHT.txt","GeoLite2-ASN.mmdb_COPYRIGHT.txt","GeoLite2-City.mmdb_elastic-geoip-database-service-agreement-LICENSE.txt","GeoLite2-ASN.mmdb_elastic-geoip-database-service-agreement-LICENSE.txt"],"cache_stats":{"count":1000,"hits":2793952,"misses":75586,"evictions":74586,"hits_time_in_millis":1271,"misses_time_in_millis":16930}},"qH6PNowDS1GslOgh_1HN_A":{"databases":[{"name":"GeoLite2-ASN.mmdb"},{"name":"GeoLite2-Country.mmdb"},{"name":"GeoLite2-City.mmdb"}],"files_in_temp":["GeoLite2-Country.mmdb_elastic-geoip-database-service-agreement-LICENSE.txt","GeoLite2-City.mmdb_LICENSE.txt","GeoLite2-ASN.mmdb_LICENSE.txt","GeoLite2-ASN.mmdb","GeoLite2-Country.mmdb_LICENSE.txt","GeoLite2-City.mmdb_COPYRIGHT.txt","GeoLite2-Country.mmdb","GeoLite2-City.mmdb","GeoLite2-Country.mmdb_COPYRIGHT.txt","GeoLite2-City.mmdb_README.txt","GeoLite2-ASN.mmdb_COPYRIGHT.txt","GeoLite2-City.mmdb_elastic-geoip-database-service-agreement-LICENSE.txt","GeoLite2-ASN.mmdb_elastic-geoip-database-service-agreement-LICENSE.txt"],"cache_stats":{"count":1000,"hits":2164939053,"misses":419988007,"evictions":419987006,"hits_time_in_millis":619378,"misses_time_in_millis":2109992}}}}