{"_nodes":{"total":9,"successful":9,"failed":0},"cluster_name":"afs-elastic","nodes":{"qH6PNowDS1GslOgh_1HN_A":{"timestamp":1766073973274,"since":1764311360280,"rest_actions":{"nodes_usage_action":1,"cat_alias_action":1,"nodes_info_action":2,"get_mapping_action":1,"get_desired_balance":1,"cat_count_action":1,"nodes_stats_action":2,"nodes_hot_threads_action":1,"get_composable_index_template_action":1,"cat_segments_action":1,"cat_health_action":1,"cat_fielddata_action":2,"cluster_allocation_explain_action":2,"get_license":13654,"cluster_health_action":1,"count_action":1,"main_action":3035,"cat_templates_action":1,"cat_recovery_action":1,"list_dangling_indices":1,"cat_shards_action":2,"cluster_get_settings_action":2,"pending_cluster_tasks_action":1,"cat_repositories_action":1,"cat_indices_action":1,"health_action":1,"cat_pending_cluster_tasks_action":1,"indices_stats_action":1,"cat_nodes_action":2,"cluster_state_action":1,"cluster_stats_action":1,"get_aliases_action":1,"cat_allocation_action":2,"cat_master_action":2,"bulk_action":3497564,"cat_node_attrs_action":1,"cat_threadpool_action":1,"get_component_template_action":1,"geoip_downloader_stats":1},"aggregations":{"date_histogram":{"date":769242,"range":1095},"geo_centroid":{"geopoint":16},"geotile_grid":{"geopoint":16},"range":{"date":41969},"random_sampler":{"other":868},"sum":{"numeric":3059053,"counter":4685},"top_hits":{"other":2405920},"nested":{"other":43696},"min":{"date":84300,"numeric":36579},"avg":{"numeric":585458},"terms":{"date":40392,"boolean":50943,"ip":2109,"numeric":8815,"keyword":7286857},"stats":{"date":128,"numeric":3411514},"composite":{"other":1285971},"missing":{"ip":1826,"keyword":87221},"significant_terms":{"ip":202,"keyword":13915},"value_count":{"date":2,"ip":4,"numeric":5,"keyword":8241},"categorize_text":{"other":7076},"date_range":{"date":173},"percentiles":{"numeric":1320},"max":{"date":744714,"numeric":1600289,"counter":133433},"scripted_metric":{"other":488582},"top_metrics":{"other":953},"filters":{"other":1039862},"cardinality":{"date":233,"boolean":249,"ip":7675,"numeric":4421,"geopoint":24,"range":2,"keyword":538162},"sampler":{"other":8923},"histogram":{"numeric":993172},"filter":{"other":538782},"reverse_nested":{"other":33915},"multi_terms":{"other":2824}}},"FkXTMwl2Qf-rur1P48QeNQ":{"timestamp":1766073973274,"since":1764304775221,"rest_actions":{},"aggregations":{}},"SywzE6bgQ6uWp_7InJeFuw":{"timestamp":1766073973274,"since":1764313311742,"rest_actions":{},"aggregations":{"date_histogram":{"date":1947},"max":{"date":1422934},"random_sampler":{"other":8},"filters":{"other":4904},"top_hits":{"other":731},"cardinality":{"date":2,"keyword":20707,"ip":27},"sampler":{"other":73},"filter":{"other":2525},"min":{"date":158},"terms":{"keyword":5649},"composite":{"other":711360},"value_count":{"keyword":578},"categorize_text":{"other":8}}},"shEbUp1xSt22U26Y1kWHAA":{"timestamp":1766073973274,"since":1764308462900,"rest_actions":{"security_get_role_mappings_action":2,"ilm_get_action":54,"ml_get_datafeed_stats_action":2113,"ml_get_calendar_events_action":2074,"esql_delete_async_result":7,"xpack_security_invalidate_api_key":2939,"remote_cluster_info_action":66,"security_get_privileges_action":12,"get_mapping_action":87,"get_indices_action":38106,"create_index_action":20,"update_by_query_action":1859,"ml_memory_action":6,"ml_get_trained_models_stats_action":9,"eql_search":59408,"async_search_submit_action":26347,"get_autoscaling_policy":6,"field_capabilities_action":3271452,"document_get_action":5682948,"cluster_allocation_explain_action":3,"count_action":97934,"fleet_get_global_checkpoints":29460,"xpack_security_query_role":35,"cat_shards_action":1,"cluster_get_settings_action":1647,"get_settings_action":360,"document_index_action":360799,"security_authenticate_action":739179,"connector_sync_jobs_list_action":23,"msearch_action":1904508,"xpack_ml_get_data_frame_analytics_action":504,"ccr_follower_info":45,"async_search_status_action":24022,"data_stream_stats_action":36,"ingest_simulate_pipeline_action":8,"get_repositories_action":9,"security_has_privileges_action":4205857,"delete_composable_index_template_action":58,"cat_threadpool_action":5,"security_profile_has_privileges_action":7220,"nodes_info_action":1412058,"ingest_put_pipeline_action":89,"ml_get_jobs_action":4804,"security_user_privileges_action":4,"term_enum_action":6866,"open_point_in_time":228285,"async_search_get_action":14794,"xpack_security_grant_api_key":315,"synonyms_sets_get_action":1,"ml_get_trained_models_action":497,"create_data_stream_action":4,"ml_get_job_stats_action":2113,"put_mapping_action":175,"analyze_action":79,"xpack_usage_action":35,"get_data_streams_action":8196,"security_get_users_action":42,"document_create_action_auto_id":29423,"document_create_action":646,"cluster_stats_action":23,"search_action":6557857,"fleet_get_secret":34,"get_aliases_action":6217,"vector_tile_action":16,"ml_get_calendars_action":2074,"transform_get_transform_stats_action":6138,"nodes_usage_action":23,"document_update_action":1682376,"get_index_template_action":4456,"get_trial_status":10,"connector_list_action":104,"security_get_builtin_privileges_action":3,"query_ruleset_list_action":1,"nodes_stats_action":416,"ccr_stats":1,"esql_get_async_result":315,"monitoring_bulk":353040,"get_rollup_job":2,"security_put_user_action":4,"cluster_health_action":409,"document_delete_action":1310,"esql_query":4,"xpack_security_query_api_key":6,"resolve_cluster_action":489,"async_search_delete_action":305,"close_point_in_time":222382,"cat_indices_action":217,"xpack_security_activate_profile":158,"graph":1,"transform_get_transform_action":5904,"simulate_template_action":162,"fleet_msearch_action":41893,"search_application_list_action":2,"get_data_lifecycles_action":27,"document_mget_action":746432,"ml_get_datafeeds_action":2571,"list_tasks_action":8,"bulk_action":4125591,"ingest_get_pipeline_action":184,"logstash_get_pipeline":7,"get_component_template_action":4737,"ml_info_action":1815,"put_component_template_action":200,"esql_async_query":29563,"get_composable_index_template_action":4793,"ilm_put_action":8,"slm_get_lifecycle":5,"xpack_info_action":240344,"xpack_security_get_api_key":35,"security_get_roles_action":33,"xpack_security_suggest_profile":7229,"delete_by_query_action":1376,"get_license":12561,"main_action":31247,"get_inference_model_action":33,"ilm_explain_action":1031,"fleet_search_action":42,"get_enrich_policy":6,"indices_stats_action":1799,"cat_nodes_action":2,"resolve_index_action":134,"simulate_index_template_action":167,"recovery_action":1,"get_snapshots_action":4,"slm_get_operation_mode_action":1,"get_rollup_index_caps":48,"update_settings_action":167,"put_composable_index_template_action":174,"security_put_role_action":2,"refresh_action":108,"search_scroll_action":72,"xpack_security_get_profile":153043},"aggregations":{}},"p8x67SRnRRSe-fTgH6fW0A":{"timestamp":1766073973265,"since":1764314134557,"rest_actions":{},"aggregations":{"date_histogram":{"date":2149},"max":{"date":1708096},"random_sampler":{"other":65},"filters":{"other":6309},"top_hits":{"other":764},"cardinality":{"date":3,"keyword":27712,"ip":28},"sampler":{"other":99},"filter":{"other":3167},"min":{"date":161},"terms":{"keyword":7012},"composite":{"other":853927},"significant_terms":{"keyword":860,"ip":10},"value_count":{"keyword":532},"categorize_text":{"other":42}}},"FpfZMqOJQOSb8QPexZxqwQ":{"timestamp":1766073973274,"since":1764306549696,"rest_actions":{},"aggregations":{}},"HLzM4CFpSx-TKeGjft7BGA":{"timestamp":1766073973268,"since":1764305682089,"rest_actions":{},"aggregations":{}},"cadAw8rHRey02P9JG7EU5w":{"timestamp":1766073973267,"since":1764307426906,"rest_actions":{},"aggregations":{}},"5zGVWtZuRN2K4L9nes5rQQ":{"timestamp":1766073973265,"since":1765290262307,"rest_actions":{},"aggregations":{"date_histogram":{"date":259547,"range":388},"geo_centroid":{"geopoint":14},"geotile_grid":{"geopoint":14},"range":{"date":8957},"random_sampler":{"other":12},"sum":{"numeric":38268,"counter":1575},"top_hits":{"other":724782},"nested":{"other":7729},"min":{"date":21524,"numeric":10483},"avg":{"numeric":182787},"terms":{"date":4980,"numeric":4227,"boolean":8104,"keyword":2032637,"ip":113},"stats":{"date":1,"numeric":1036555},"composite":{"other":498999},"missing":{"keyword":18427},"value_count":{"keyword":1969,"numeric":1},"categorize_text":{"other":2914},"date_range":{"date":50},"percentiles":{"numeric":214},"max":{"date":193600,"numeric":435958,"counter":48991},"scripted_metric":{"other":211958},"top_metrics":{"other":448},"filters":{"other":300523},"cardinality":{"date":4,"boolean":10,"ip":3245,"numeric":1452,"geopoint":1,"keyword":47109},"sampler":{"other":214},"histogram":{"numeric":226373},"filter":{"other":87516},"reverse_nested":{"other":6104},"multi_terms":{"other":506}}}}}