{".kibana_ingest_9.1.3_001":{"aliases":{".kibana_ingest":{"is_hidden":true},".kibana_ingest_9.1.3":{"is_hidden":true}}},".kibana-siem-rule-migrations-rules-default":{"aliases":{}},".kibana-siem-rule-migrations-integrations":{"aliases":{}},".apm-custom-link":{"aliases":{}},"snare_endpoints_last_v2":{"aliases":{}},"cisco-ios-test":{"aliases":{}},".ml-annotations-000001":{"aliases":{".ml-annotations-read":{"is_hidden":true},".ml-annotations-write":{"is_hidden":true}}},".monitoring-kibana-7-2025.12.15":{"aliases":{}},".monitoring-kibana-7-2025.12.16":{"aliases":{}},"logs-ti_rapid7_threat_command_latest.dest_vulnerability-2":{"aliases":{"logs-ti_rapid7_threat_command_latest.vulnerability":{}}},".monitoring-kibana-7-2025.12.17":{"aliases":{}},".monitoring-kibana-7-2025.12.18":{"aliases":{}},".internal.alerts-observability.uptime.alerts-default-000001":{"aliases":{".alerts-observability.uptime.alerts-default":{"is_write_index":true}}},".apm-source-map":{"aliases":{}},"logs-ti_rapid7_threat_command_latest.dest_ioc-2":{"aliases":{"logs-ti_rapid7_threat_command_latest.ioc":{}}},".tasks":{"aliases":{}},"checkpoint_harmony_endpoint":{"aliases":{}},".kibana_9.1.3_001":{"aliases":{".kibana":{"is_hidden":true},".kibana_9.1.3":{"is_hidden":true}}},".ml-inference-000005":{"aliases":{}},".inference":{"aliases":{".inference-alias":{"is_write_index":true,"is_hidden":true}}},".fleet-policies-7":{"aliases":{".fleet-policies":{"is_write_index":true,"is_hidden":true}}},".ml-notifications-000002":{"aliases":{".ml-notifications-write":{"is_hidden":true}}},".internal.alerts-transform.health.alerts-default-000001":{"aliases":{".alerts-transform.health.alerts-default":{"is_write_index":true}}},".ml-anomalies-custom-rare_destination_country":{"aliases":{".ml-anomalies-.write-rare_destination_country":{"is_hidden":true},".ml-anomalies-rare_destination_country":{"filter":{"term":{"job_id":{"value":"rare_destination_country"}}},"is_hidden":true}}},".internal.alerts-observability.apm.alerts-default-000001":{"aliases":{".alerts-observability.apm.alerts-default":{"is_write_index":true}}},".ml-state-000001":{"aliases":{".ml-state-write":{"is_hidden":true}}},".slo-observability.summary-v3.5.temp":{"aliases":{}},".monitoring-es-7-2025.12.12":{"aliases":{}},".monitoring-es-7-2025.12.11":{"aliases":{}},".internal.alerts-security.alerts-default-000003":{"aliases":{".alerts-security.alerts-default":{"is_write_index":true},".siem-signals-default":{"is_write_index":false}}},".internal.alerts-security.alerts-default-000001":{"aliases":{".alerts-security.alerts-default":{"is_write_index":false},".siem-signals-default":{"is_write_index":false}}},".internal.alerts-security.alerts-default-000002":{"aliases":{".alerts-security.alerts-default":{"is_write_index":false},".siem-signals-default":{"is_write_index":false}}},".transform-notifications-000002":{"aliases":{".transform-notifications-read":{"is_hidden":true},".transform-notifications-write":{"is_hidden":true}}},".fleet-artifacts-7":{"aliases":{".fleet-artifacts":{"is_write_index":true,"is_hidden":true}}},".kibana_analytics_9.1.3_001":{"aliases":{".kibana_analytics":{"is_hidden":true},".kibana_analytics_9.1.3":{"is_hidden":true}}},".internal.alerts-observability.logs.alerts-default-000003":{"aliases":{".alerts-observability.logs.alerts-default":{"is_write_index":true}}},".internal.alerts-observability.logs.alerts-default-000002":{"aliases":{".alerts-observability.logs.alerts-default":{"is_write_index":false}}},".internal.alerts-observability.logs.alerts-default-000001":{"aliases":{".alerts-observability.logs.alerts-default":{"is_write_index":false}}},".transform-internal-007":{"aliases":{}},".ml-anomalies-shared":{"aliases":{".ml-anomalies-.write-4649":{"is_hidden":true},".ml-anomalies-4649":{"filter":{"term":{"job_id":{"value":"4649"}}},"is_hidden":true}}},".monitoring-es-7-2025.12.16":{"aliases":{}},".kibana_ai_product_doc_security":{"aliases":{}},".monitoring-es-7-2025.12.15":{"aliases":{}},".monitoring-es-7-2025.12.14":{"aliases":{}},".monitoring-es-7-2025.12.13":{"aliases":{}},".kibana_ai_product_doc_elasticsearch":{"aliases":{}},".monitoring-es-7-2025.12.18":{"aliases":{}},".monitoring-es-7-2025.12.17":{"aliases":{}},".fleet-secrets-7":{"aliases":{".fleet-secrets":{"is_write_index":true,"is_hidden":true}}},"metrics-endpoint.metadata_current_default":{"aliases":{}},".security-7":{"aliases":{".security":{"is_hidden":true}}},".kibana-siem-rule-migrations-prebuiltrules":{"aliases":{}},".async-search":{"aliases":{}},"security_solution-rapid7_insightvm.vulnerability_latest-v1":{"aliases":{"security_solution-rapid7_insightvm.vulnerability_latest":{}}},".slo-observability.sli-v3.5":{"aliases":{}},".internal.alerts-ml.anomaly-detection.alerts-default-000001":{"aliases":{".alerts-ml.anomaly-detection.alerts-default":{"is_write_index":true}}},".kibana_security_session_1":{"aliases":{".kibana_security_session":{"is_write_index":true,"is_hidden":true}}},".internal.alerts-observability.slo.alerts-default-000001":{"aliases":{".alerts-observability.slo.alerts-default":{"is_write_index":true}}},".asset-criticality.asset-criticality-default":{"aliases":{}},".kibana-siem-rule-migrations-migrations-default":{"aliases":{}},".internal.alerts-security.attack.discovery.alerts-default-000001":{"aliases":{".alerts-security.attack.discovery.alerts-default":{"is_write_index":true}}},".internal.alerts-observability.metrics.alerts-default-000001":{"aliases":{".alerts-observability.metrics.alerts-default":{"is_write_index":true}}},".security-profile-8":{"aliases":{".security-profile":{"is_hidden":true}}},".kibana_locks-000001":{"aliases":{}},".internal.alerts-stack.alerts-default-000001":{"aliases":{".alerts-stack.alerts-default":{"is_write_index":false}}},".kibana_alerting_cases_9.1.3_001":{"aliases":{".kibana_alerting_cases":{"is_hidden":true},".kibana_alerting_cases_9.1.3":{"is_hidden":true}}},".internal.alerts-stack.alerts-default-000002":{"aliases":{".alerts-stack.alerts-default":{"is_write_index":true}}},"logs-ti_rapid7_threat_command_latest.dest_alert-2":{"aliases":{"logs-ti_rapid7_threat_command_latest.alert":{}}},".kibana_ai_product_doc_kibana":{"aliases":{}},".kibana_search_solution_9.1.3_001":{"aliases":{".kibana_search_solution":{"is_hidden":true},".kibana_search_solution_9.1.3":{"is_hidden":true}}},".fleet-enrollment-api-keys-7":{"aliases":{".fleet-enrollment-api-keys":{"is_write_index":true,"is_hidden":true}}},".apm-agent-configuration":{"aliases":{}},".kibana-observability-ai-assistant-conversations-000001":{"aliases":{".kibana-observability-ai-assistant-conversations":{"is_write_index":true}}},".ml-anomalies-custom-high_count_network_denies":{"aliases":{".ml-anomalies-.write-high_count_network_denies":{"is_hidden":true},".ml-anomalies-high_count_network_denies":{"filter":{"term":{"job_id":{"value":"high_count_network_denies"}}},"is_hidden":true}}},".internal.alerts-observability.threshold.alerts-default-000001":{"aliases":{".alerts-observability.threshold.alerts-default":{"is_write_index":true}}},".kibana_task_manager_9.1.3_001":{"aliases":{".kibana_task_manager":{"is_hidden":true},".kibana_task_manager_9.1.3":{"is_hidden":true}}},".internal.preview.alerts-security.alerts-default-000002":{"aliases":{".preview.alerts-security.alerts-default":{"is_write_index":true}}},".internal.preview.alerts-security.alerts-default-000001":{"aliases":{".preview.alerts-security.alerts-default":{"is_write_index":false}}},"service_accounts":{"aliases":{}},"logs-endpoint.alerts":{"aliases":{}},".metrics-endpoint.metadata_united_default":{"aliases":{}},".fleet-agents-7":{"aliases":{".fleet-agents":{"is_write_index":true,"is_hidden":true}}},".internal.alerts-default.alerts-default-000004":{"aliases":{".alerts-default.alerts-default":{"is_write_index":true}}},".internal.alerts-default.alerts-default-000003":{"aliases":{".alerts-default.alerts-default":{"is_write_index":false}}},".internal.alerts-default.alerts-default-000002":{"aliases":{".alerts-default.alerts-default":{"is_write_index":false}}},".internal.alerts-default.alerts-default-000001":{"aliases":{".alerts-default.alerts-default":{"is_write_index":false}}},".internal.alerts-streams.alerts-default-000001":{"aliases":{".alerts-streams.alerts-default":{"is_write_index":true}}},".ml-anomalies-custom-high_count_network_events":{"aliases":{".ml-anomalies-.write-high_count_network_events":{"is_hidden":true},".ml-anomalies-high_count_network_events":{"filter":{"term":{"job_id":{"value":"high_count_network_events"}}},"is_hidden":true}}},".ml-config":{"aliases":{}},".ml-inference-native-000002":{"aliases":{}},".internal.alerts-ml.anomaly-detection-health.alerts-default-000001":{"aliases":{".alerts-ml.anomaly-detection-health.alerts-default":{"is_write_index":true}}},".snapshot-blob-cache":{"aliases":{}},".monitoring-kibana-7-2025.12.11":{"aliases":{}},".monitoring-kibana-7-2025.12.12":{"aliases":{}},".monitoring-kibana-7-2025.12.13":{"aliases":{}},".monitoring-kibana-7-2025.12.14":{"aliases":{}},".kibana_ai_product_doc_observability":{"aliases":{}},".kibana_usage_counters_9.1.3_001":{"aliases":{".kibana_usage_counters":{"is_hidden":true},".kibana_usage_counters_9.1.3":{"is_hidden":true}}},".fleet-actions-7":{"aliases":{".fleet-actions":{"is_write_index":true,"is_hidden":true}}},".slo-observability.summary-v3.5":{"aliases":{}},".ml-anomalies-custom-high_count_by_destination_country":{"aliases":{".ml-anomalies-.write-high_count_by_destination_country":{"is_hidden":true},".ml-anomalies-high_count_by_destination_country":{"filter":{"term":{"job_id":{"value":"high_count_by_destination_country"}}},"is_hidden":true}}},".internal.alerts-dataset.quality.alerts-default-000001":{"aliases":{".alerts-dataset.quality.alerts-default":{"is_write_index":true}}},".kibana_security_solution_9.1.3_001":{"aliases":{".kibana_security_solution":{"is_hidden":true},".kibana_security_solution_9.1.3":{"is_hidden":true}}}}