[{"shards":"32","shards.undesired":"0","write_load.forecast":"0.0","disk.indices.forecast":"822.8gb","disk.indices":"0b","disk.used":"2.6tb","disk.avail":"80.3gb","disk.total":"2.7tb","disk.percent":"97","host":"192.168.0.12","ip":"192.168.0.12","node":"afs-vm-eastus-elastic-az2-fzn-p02","node.role":"f"},{"shards":"31","shards.undesired":"0","write_load.forecast":"0.0","disk.indices.forecast":"802.5gb","disk.indices":"0b","disk.used":"2.6tb","disk.avail":"80.3gb","disk.total":"2.7tb","disk.percent":"97","host":"192.168.0.11","ip":"192.168.0.11","node":"afs-vm-eastus-elastic-az1-fzn-p01","node.role":"f"},{"shards":"388","shards.undesired":"0","write_load.forecast":"0.16692969379779135","disk.indices.forecast":"911.9gb","disk.indices":"838.3gb","disk.used":"846.1gb","disk.avail":"252.5gb","disk.total":"1tb","disk.percent":"77","host":"192.168.0.10","ip":"192.168.0.10","node":"afs-vm-eastus-elastic-az2-hot-p02","node.role":"hist"},{"shards":"388","shards.undesired":"0","write_load.forecast":"0.16692969379779135","disk.indices.forecast":"911.2gb","disk.indices":"837.7gb","disk.used":"845.6gb","disk.avail":"253.1gb","disk.total":"1tb","disk.percent":"76","host":"192.168.0.9","ip":"192.168.0.9","node":"afs-vm-eastus-elastic-az1-hot-p01","node.role":"hist"}]