{"persistent":{"xpack.monitoring.collection.enabled":"true"},"transient":{},"defaults":{"action.auto_create_index":"true","action.destructive_requires_name":"true","action.search.pre_filter_shard_size.default":"128","action.search.shard_count.limit":"9223372036854775807","async_search.index_cleanup_interval":"1h","azure.client.default.endpoint_suffix":"core.windows.net","bootstrap.ctrlhandler":"true","bootstrap.memory_lock":"false","cache.recycler.page.limit.heap":"10%","cache.recycler.page.type":"CONCURRENT","cache.recycler.page.weight.bytes":"1.0","cache.recycler.page.weight.ints":"1.0","cache.recycler.page.weight.longs":"1.0","cache.recycler.page.weight.objects":"0.1","ccr.auto_follow.wait_for_metadata_timeout":"60s","ccr.indices.recovery.chunk_size":"1mb","ccr.indices.recovery.internal_action_timeout":"60s","ccr.indices.recovery.max_bytes_per_sec":"40mb","ccr.indices.recovery.max_concurrent_file_chunks":"5","ccr.indices.recovery.recovery_activity_timeout":"60s","ccr.wait_for_metadata_timeout":"60s","cluster.auto_sharding.max_write_threads":"32","cluster.auto_sharding.min_write_threads":"2","cluster.auto_shrink_voting_configuration":"true","cluster.blocks.read_only":"false","cluster.blocks.read_only_allow_delete":"false","cluster.deprecation_indexing.enabled":"true","cluster.deprecation_indexing.flush_interval":"5s","cluster.deprecation_indexing.x_opaque_id_used.enabled":"true","cluster.discovery_configuration_check.interval":"30000ms","cluster.election.back_off_time":"100ms","cluster.election.duration":"500ms","cluster.election.initial_timeout":"100ms","cluster.election.max_timeout":"10s","cluster.election.strategy":"supports_voting_only","cluster.fault_detection.follower_check.interval":"1000ms","cluster.fault_detection.follower_check.retry_count":"3","cluster.fault_detection.follower_check.timeout":"10000ms","cluster.fault_detection.leader_check.interval":"1000ms","cluster.fault_detection.leader_check.retry_count":"3","cluster.fault_detection.leader_check.timeout":"10000ms","cluster.follower_lag.timeout":"90000ms","cluster.indices.close.enable":"true","cluster.indices.tombstones.size":"500","cluster.indices.validate_dot_prefixes":"true","cluster.indices.validate_ignored_dot_patterns":["\\.ml-state-\\d+","\\.slo-observability\\.sli-v\\d+.*","\\.slo-observability\\.summary-v\\d+.*","\\.entities\\.v\\d+\\.latest\\..*","\\.monitoring-es-8-.*","\\.monitoring-logstash-8-.*","\\.monitoring-kibana-8-.*","\\.monitoring-beats-8-.*","\\.monitoring-ent-search-8-.*"],"cluster.info.update.interval":"30s","cluster.info.update.timeout":"15s","cluster.initial_master_nodes":[],"cluster.join_validation.cache_timeout":"60s","cluster.lifecycle.default.rollover":"max_age=auto,max_primary_shard_size=50gb,min_docs=1,max_primary_shard_docs=200000000","cluster.logsdb.enabled":"true","cluster.max_shards_per_node":"1000","cluster.max_shards_per_node.frozen":"3000","cluster.max_voting_config_exclusions":"10","cluster.name":"afs-elastic","cluster.no_master_block":"write","cluster.nodes.reconnect_interval":"10s","cluster.persistent_tasks.allocation.enable":"all","cluster.persistent_tasks.allocation.recheck_interval":"30s","cluster.publish.info_timeout":"10000ms","cluster.publish.timeout":"30000ms","cluster.remote.connections_per_cluster":"3","cluster.remote.initial_connect_timeout":"30s","cluster.remote.node.attr":"","cluster.routing.allocation.allow_rebalance":"always","cluster.routing.allocation.awareness.attributes":[],"cluster.routing.allocation.balance.disk_usage":"2.0E-11","cluster.routing.allocation.balance.index":"0.55","cluster.routing.allocation.balance.shard":"0.45","cluster.routing.allocation.balance.threshold":"1.0","cluster.routing.allocation.balance.write_load":"10.0","cluster.routing.allocation.cluster_concurrent_rebalance":"2","cluster.routing.allocation.desired_balance.balanace_round_summaries_interval":"10s","cluster.routing.allocation.desired_balance.enable_balancer_round_summaries":"false","cluster.routing.allocation.desired_balance.max_balance_computation_time_during_index_creation":"1s","cluster.routing.allocation.desired_balance.progress_log_interval":"1m","cluster.routing.allocation.desired_balance.undesired_allocations.log_interval":"1h","cluster.routing.allocation.desired_balance.undesired_allocations.threshold":"0.1","cluster.routing.allocation.disk.reroute_interval":"60s","cluster.routing.allocation.disk.threshold_enabled":"true","cluster.routing.allocation.disk.watermark.flood_stage":"95%","cluster.routing.allocation.disk.watermark.flood_stage.frozen":"95%","cluster.routing.allocation.disk.watermark.flood_stage.frozen.max_headroom":"20GB","cluster.routing.allocation.disk.watermark.flood_stage.max_headroom":"100GB","cluster.routing.allocation.disk.watermark.high":"90%","cluster.routing.allocation.disk.watermark.high.max_headroom":"150GB","cluster.routing.allocation.disk.watermark.low":"85%","cluster.routing.allocation.disk.watermark.low.max_headroom":"200GB","cluster.routing.allocation.enable":"all","cluster.routing.allocation.enforce_default_tier_preference":"true","cluster.routing.allocation.estimated_heap.threshold_enabled":"false","cluster.routing.allocation.node_concurrent_incoming_recoveries":"2","cluster.routing.allocation.node_concurrent_outgoing_recoveries":"2","cluster.routing.allocation.node_concurrent_recoveries":"2","cluster.routing.allocation.node_initial_primaries_recoveries":"4","cluster.routing.allocation.same_shard.host":"false","cluster.routing.allocation.stats.cache.ttl":"1m","cluster.routing.allocation.total_shards_per_node":"-1","cluster.routing.allocation.type":"desired_balance","cluster.routing.allocation.write_load_decider.enabled":"DISABLED","cluster.routing.allocation.write_load_decider.high_utilization_duration":"10m","cluster.routing.allocation.write_load_decider.high_utilization_threshold":"90%","cluster.routing.allocation.write_load_decider.queue_latency_threshold":"30s","cluster.routing.allocation.write_load_decider.reroute_interval":"60s","cluster.routing.allocation.write_load_decider.shard_write_load_polling_interval":"60s","cluster.routing.rebalance.enable":"all","cluster.routing.use_adaptive_replica_selection":"true","cluster.service.master_service_starvation_logging_threshold":"5m","cluster.service.slow_master_task_logging_threshold":"10s","cluster.service.slow_task_logging_threshold":"30s","cluster.service.slow_task_thread_dump_timeout":"30s","cluster.snapshot.info.max_concurrent_fetches":"5","cluster_state.document_page_size":"1mb","data_streams.auto_sharding.decrease_shards.cooldown":"3d","data_streams.auto_sharding.decrease_shards.load_metric":"PEAK","data_streams.auto_sharding.excludes":[],"data_streams.auto_sharding.increase_shards.cooldown":"270s","data_streams.auto_sharding.increase_shards.load_metric":"PEAK","data_streams.failure_store.enabled":[],"data_streams.lifecycle.poll_interval":"5m","data_streams.lifecycle.retention.default":"-1","data_streams.lifecycle.retention.failures_default":"30d","data_streams.lifecycle.retention.max":"-1","data_streams.lifecycle.signalling.error_retry_interval":"10","data_streams.lifecycle.target.merge.policy.floor_segment":"100mb","data_streams.lifecycle.target.merge.policy.merge_factor":"16","deprecation.skip_deprecated_settings":[],"discovery.cluster_formation_warning_timeout":"10000ms","discovery.find_peers_interval":"1000ms","discovery.initial_state_timeout":"30s","discovery.probe.connect_timeout":"30s","discovery.probe.handshake_timeout":"30s","discovery.request_peers_timeout":"3000ms","discovery.seed_hosts":["192.168.0.4:9300"],"discovery.seed_providers":[],"discovery.seed_resolver.max_concurrent_resolvers":"10","discovery.seed_resolver.timeout":"5s","discovery.type":"multi-node","discovery.unconfigured_bootstrap_timeout":"3s","enrich.cache.size":null,"enrich.cache_size":null,"enrich.cleanup_period":"15m","enrich.coordinator_proxy.max_concurrent_requests":"8","enrich.coordinator_proxy.max_lookups_per_request":"128","enrich.coordinator_proxy.queue_capacity":"1024","enrich.fetch_size":"10000","enrich.max_concurrent_policy_executions":"50","enrich.max_force_merge_attempts":"3","esql.default_data_partitioning":"AUTO","esql.query.allow_partial_results":"true","esql.query.result_truncation_default_size":"1000","esql.query.result_truncation_max_size":"10000","esql.query.string_like_on_index":"true","esql.querylog.include.user":"false","esql.querylog.threshold.debug":"-1","esql.querylog.threshold.info":"-1","esql.querylog.threshold.trace":"-1","esql.querylog.threshold.warn":"-1","esql.values_loading_jumbo_size":"16302080b","esql_worker.queue_size":"1000","esql_worker.size":"25","gateway.expected_data_nodes":"-1","gateway.recover_after_data_nodes":"-1","gateway.recover_after_time":"0ms","gateway.slow_write_logging_threshold":"10s","gateway.write_dangling_indices_info":"true","health.ilm.max_retries_per_step":"100","health.ilm.max_time_on_action":"1d","health.ilm.max_time_on_step":"1d","health.master_history.has_master_lookup_timeframe":"30s","health.master_history.identity_changes_threshold":"4","health.master_history.no_master_transitions_threshold":"4","health.node.enabled":"true","health.periodic_logger.enabled":"false","health.periodic_logger.output_mode":["logs","metrics"],"health.periodic_logger.poll_interval":"60s","health.reporting.local.monitor.interval":"30s","health.shards_availability.replica_unassigned_buffer_time":"5s","health_node.transport_action_timeout":"5s","http.bind_host":[],"http.client_stats.closed_channels.max_age":"5m","http.client_stats.closed_channels.max_count":"10000","http.client_stats.enabled":"true","http.compression":"false","http.compression_level":"3","http.cors.allow-credentials":"false","http.cors.allow-headers":"X-Requested-With,Content-Type,Content-Length,Authorization,Accept,User-Agent,X-Elastic-Client-Meta","http.cors.allow-methods":"OPTIONS,HEAD,GET,POST,PUT,DELETE","http.cors.allow-origin":"","http.cors.enabled":"false","http.cors.max-age":"1728000","http.detailed_errors.enabled":"true","http.host":[],"http.max_chunk_size":"8kb","http.max_content_length":"100mb","http.max_header_size":"16kb","http.max_initial_line_length":"4kb","http.max_warning_header_count":"-1","http.max_warning_header_size":"-1b","http.netty.max_composite_buffer_components":"69905","http.netty.receive_predictor_size":"64kb","http.netty.worker_count":"0","http.pipelining.max_events":"10000","http.port":"9200","http.publish_host":[],"http.publish_port":"-1","http.read_timeout":"0ms","http.reset_cookies":"false","http.shutdown_grace_period":"0ms","http.shutdown_poll_period":"5m","http.tcp.keep_alive":"true","http.tcp.keep_count":"-1","http.tcp.keep_idle":"-1","http.tcp.keep_interval":"-1","http.tcp.no_delay":"true","http.tcp.receive_buffer_size":"-1b","http.tcp.reuse_address":"true","http.tcp.send_buffer_size":"-1b","http.tracer.exclude":[],"http.tracer.include":[],"http.type":"security4","http.type.default":"netty4","index.codec":"default","index.recovery.type":"","index.store.fs.fs_lock":"native","index.store.preload":[],"index.store.snapshot.cache.excluded_file_types":[],"index.store.snapshot.uncached_chunk_size":"-1b","index.store.type":"","indexing_pressure.memory.coordinating.limit":"10%","indexing_pressure.memory.limit":"10%","indexing_pressure.memory.max_operation_size":"10%","indexing_pressure.memory.primary.limit":"10%","indexing_pressure.memory.replica.limit":"2503999488b","indexing_pressure.memory.split_bulk.watermark.high":"7.5%","indexing_pressure.memory.split_bulk.watermark.high.bulk_size":"1mb","indexing_pressure.memory.split_bulk.watermark.low":"5.0%","indexing_pressure.memory.split_bulk.watermark.low.bulk_size":"4mb","indexing_pressure.memory.split_bulk_threshold":"8.5%","indices.analysis.hunspell.dictionary.ignore_case":"false","indices.analysis.hunspell.dictionary.lazy":"false","indices.breaker.fielddata.limit":"40%","indices.breaker.fielddata.overhead":"1.03","indices.breaker.fielddata.type":"memory","indices.breaker.request.limit":"60%","indices.breaker.request.overhead":"1.0","indices.breaker.request.type":"memory","indices.breaker.total.limit":"95%","indices.breaker.total.use_real_memory":"true","indices.breaker.type":"hierarchy","indices.cache.cleanup_interval":"1m","indices.fielddata.cache.expire":"1h","indices.fielddata.cache.size":"-1b","indices.id_field_data.enabled":"false","indices.inference.batch_size":"1mb","indices.lifecycle.history_index_enabled":"true","indices.lifecycle.poll_interval":"10m","indices.lifecycle.rollover.only_if_has_documents":"true","indices.lifecycle.step.master_timeout":"30s","indices.mapping.dynamic_timeout":"30s","indices.mapping.max_in_flight_updates":"10","indices.memory.index_buffer_size":"10%","indices.memory.interval":"5s","indices.memory.max_index_buffer_size":"-1","indices.memory.min_index_buffer_size":"48mb","indices.memory.shard_inactive_time":"5m","indices.merge.disk.check_interval":"5s","indices.merge.disk.watermark.high":"95%","indices.merge.disk.watermark.high.max_headroom":"100gb","indices.merge.policy.max_merged_segment":"5gb","indices.merge.policy.max_time_based_merged_segment":"100gb","indices.merge.scheduler.use_thread_pool":"true","indices.pause.on.throttle":"false","indices.queries.cache.all_segments":"false","indices.queries.cache.count":"10000","indices.queries.cache.size":"10%","indices.query.bool.max_clause_count":"4096","indices.query.bool.max_nested_depth":"30","indices.query.query_string.allowLeadingWildcard":"true","indices.query.query_string.analyze_wildcard":"false","indices.recovery.chunk_size":"512kb","indices.recovery.internal_action_long_timeout":"1800000ms","indices.recovery.internal_action_retry_timeout":"1m","indices.recovery.internal_action_timeout":"15m","indices.recovery.max_bytes_per_sec":"40mb","indices.recovery.max_concurrent_file_chunks":"2","indices.recovery.max_concurrent_operations":"1","indices.recovery.max_concurrent_snapshot_file_downloads":"5","indices.recovery.max_concurrent_snapshot_file_downloads_per_node":"25","indices.recovery.recovery_activity_timeout":"1800000ms","indices.recovery.retry_delay_network":"5s","indices.recovery.retry_delay_state_sync":"500ms","indices.recovery.use_snapshots":"true","indices.replication.initial_retry_backoff_bound":"50ms","indices.replication.retry_timeout":"60s","indices.requests.cache.expire":"0ms","indices.requests.cache.size":"1%","indices.stats.recent_read_load.half_life":"5m","indices.stats.recent_write_load.half_life":"5m","indices.store.delete.shard.timeout":"30s","indices.store.max_concurrent_closing_shards":"10","indices.store.shard_lock_retry.interval":"1s","indices.store.shard_lock_retry.timeout":"1m","indices.write_ack_delay_interval":"0ms","indices.write_ack_delay_randomness_bound":"70ms","ingest.geoip.cache_size":"1000","ingest.geoip.downloader.eager.download":"false","ingest.geoip.downloader.enabled":"true","ingest.geoip.downloader.endpoint":"https://geoip.elastic.co/v1/database","ingest.geoip.downloader.poll.interval":"3d","ingest.grok.watchdog.interval":"1s","ingest.grok.watchdog.max_execution_time":"1s","ingest.user_agent.cache_size":"1000","ingest_node.transport_action_timeout":"20s","logger.level":"INFO","logsdb.prior_logs_usage":"false","master_history.max_age":"30m","migrate.data_stream_reindex_max_request_per_second":"1000.0","migrate.max_concurrent_indices_reindexed_per_data_stream":"1","monitor.fs.health.enabled":"true","monitor.fs.health.refresh_interval":"120s","monitor.fs.health.slow_path_logging_threshold":"5s","monitor.fs.refresh_interval":"1s","monitor.jvm.gc.enabled":"true","monitor.jvm.gc.overhead.debug":"10","monitor.jvm.gc.overhead.info":"25","monitor.jvm.gc.overhead.warn":"50","monitor.jvm.gc.refresh_interval":"1s","monitor.jvm.refresh_interval":"1s","monitor.os.refresh_interval":"1s","monitor.process.refresh_interval":"1s","mustache.max_output_size_bytes":"1mb","network.bind_host":["0.0.0.0"],"network.breaker.inflight_requests.limit":"100%","network.breaker.inflight_requests.overhead":"2.0","network.host":["0.0.0.0"],"network.publish_host":["0.0.0.0"],"network.server":"true","network.tcp.keep_alive":"true","network.tcp.keep_count":"-1","network.tcp.keep_idle":"-1","network.tcp.keep_interval":"-1","network.tcp.no_delay":"true","network.tcp.receive_buffer_size":"-1b","network.tcp.reuse_address":"true","network.tcp.send_buffer_size":"-1b","network.thread.watchdog.interval":"5s","network.thread.watchdog.quiet_time":"10m","node._internal.default_refresh_interval":"1s","node.attr.ml.config_version":"12.0.0","node.attr.transform.config_version":"10.0.0","node.attr.xpack.installed":"true","node.bandwidth.recovery.disk.read":"-1","node.bandwidth.recovery.disk.write":"-1","node.bandwidth.recovery.factor.read":"0.4","node.bandwidth.recovery.factor.write":"0.4","node.bandwidth.recovery.network":"-1","node.bandwidth.recovery.operator.factor":"0.4","node.bandwidth.recovery.operator.factor.max_overcommit":"100.0","node.bandwidth.recovery.operator.factor.read":"0.4","node.bandwidth.recovery.operator.factor.write":"0.4","node.enable_lucene_segment_infos_trace":"false","node.external_id":"afs-vm-eastus-elastic-az2-hot-p02","node.id.seed":"0","node.maximum_reindexing_grace_period":"10s","node.maximum_shutdown_grace_period":"0ms","node.name":"afs-vm-eastus-elastic-az2-hot-p02","node.portsfile":"false","node.processors":"16.0","node.roles":["data_content","data_hot","transform","ingest"],"node.store.allow_mmap":"true","path.data":["/data/elasticsearch"],"path.home":"/usr/share/elasticsearch","path.logs":"/var/log/elasticsearch","path.repo":[],"path.shared_data":"","plugin.mandatory":[],"readiness.port":"-1","reindex.remote.whitelist":[],"remote_cluster.bind_host":["0.0.0.0"],"remote_cluster.host":["0.0.0.0"],"remote_cluster.max_request_header_size":"64kb","remote_cluster.port":"9443","remote_cluster.publish_host":["0.0.0.0"],"remote_cluster.publish_port":"-1","remote_cluster.tcp.keep_alive":"true","remote_cluster.tcp.keep_count":"-1","remote_cluster.tcp.keep_idle":"-1","remote_cluster.tcp.keep_interval":"-1","remote_cluster.tcp.no_delay":"true","remote_cluster.tcp.reuse_address":"true","remote_cluster.tcp.send_buffer_size":"-1b","remote_cluster_server.enabled":"false","repositories.fs.chunk_size":"9223372036854775807b","repositories.fs.location":"","repositories.url.allowed_urls":[],"repositories.url.supported_protocols":["http","https","ftp","file","jar"],"repositories.url.url":"http:","repository.azure.http_client.connection_max_idle_time":"60s","repository.azure.http_client.connection_timeout":"30s","repository.azure.http_client.event_loop_executor_thread_count":"1","repository.azure.http_client.max_open_connections":"50","repository_s3.compare_and_exchange.anti_contention_delay":"1s","repository_s3.compare_and_exchange.time_to_live":"15s","resource.reload.enabled":"true","resource.reload.interval.high":"5s","resource.reload.interval.low":"60s","resource.reload.interval.medium":"30s","rest.action.multi.allow_explicit_index":"true","rest.incremental_bulk":"true","runtime_fields.grok.watchdog.interval":"1s","runtime_fields.grok.watchdog.max_execution_time":"1s","script.allowed_contexts":[],"script.allowed_types":[],"script.cache.expire":"0ms","script.cache.max_size":"3000","script.disable_max_compilations_rate":"false","script.max_compilations_rate":"150/5m","script.max_size_in_bytes":"65535","script.painless.regex.enabled":"limited","script.painless.regex.limit-factor":"6","search.aggs.allowed_inline_metric_scripts":[],"search.aggs.allowed_stored_metric_scripts":[],"search.aggs.only_allowed_metric_scripts":"false","search.aggs.rewrite_to_filter_by_filter":"true","search.aggs.tdigest_execution_hint":"DEFAULT","search.allow_expensive_queries":"true","search.batched_query_phase":"true","search.ccs.collect_telemetry":"true","search.check_ccs_compatibility":"false","search.default_allow_partial_results":"true","search.default_keep_alive":"5m","search.default_search_timeout":"-1","search.highlight.term_vector_multi_value":"true","search.keep_alive_interval":"1m","search.low_level_cancellation":"true","search.max_async_search_response_size":"10mb","search.max_buckets":"65536","search.max_keep_alive":"24h","search.max_open_scroll_context":"500","search.memory_accounting_buffer_size":"1mb","search.online_prewarming_threshold_poolsize_factor":"10","search.query_phase_parallel_collection_enabled":"true","search.worker_threads_enabled":"true","searchable_snapshots.blob_cache.periodic_cleanup.batch_size":"100","searchable_snapshots.blob_cache.periodic_cleanup.interval":"1h","searchable_snapshots.blob_cache.periodic_cleanup.pit_keep_alive":"10m","searchable_snapshots.blob_cache.periodic_cleanup.retention_period":"1h","security.manager.filter_bad_defaults":"true","slm.health.failed_snapshot_warn_threshold":"5","slm.history_index_enabled":"true","slm.minimum_interval":"15m","slm.retention_duration":"1h","slm.retention_schedule":"0 30 1 * * ?","snapshot.max_concurrent_operations":"1000","snapshot.refresh_repo_uuid_on_restore":"true","snapshots.shutdown.progress.interval":"5s","stack.templates.enabled":"true","telemetry.metrics.enabled":"false","telemetry.tracing.enabled":"false","telemetry.tracing.names.exclude":[],"telemetry.tracing.names.include":[],"telemetry.tracing.sanitize_field_names":["password","passwd","pwd","secret","*key","*token*","*session*","*credit*","*card*","*auth*","*principal*","set-cookie"],"thread_pool.analyze.queue_size":"16","thread_pool.analyze.size":"1","thread_pool.auto_complete.queue_size":"100","thread_pool.auto_complete.size":"4","thread_pool.azure_event_loop.core":"0","thread_pool.azure_event_loop.keep_alive":"30s","thread_pool.azure_event_loop.max":"1","thread_pool.cluster_coordination.queue_size":"-1","thread_pool.cluster_coordination.size":"1","thread_pool.estimated_time_interval":"200ms","thread_pool.estimated_time_interval.warn_threshold":"5s","thread_pool.fetch_shard_started.core":"1","thread_pool.fetch_shard_started.keep_alive":"5m","thread_pool.fetch_shard_started.max":"32","thread_pool.fetch_shard_store.core":"1","thread_pool.fetch_shard_store.keep_alive":"5m","thread_pool.fetch_shard_store.max":"32","thread_pool.flush.core":"1","thread_pool.flush.keep_alive":"5m","thread_pool.flush.max":"5","thread_pool.force_merge.queue_size":"-1","thread_pool.force_merge.size":"2","thread_pool.generic.core":"4","thread_pool.generic.keep_alive":"30s","thread_pool.generic.max":"128","thread_pool.get.queue_size":"1000","thread_pool.get.size":"25","thread_pool.management.core":"1","thread_pool.management.keep_alive":"5m","thread_pool.management.max":"5","thread_pool.merge.core":"1","thread_pool.merge.keep_alive":"5m","thread_pool.merge.max":"16","thread_pool.profiling.core":"0","thread_pool.profiling.keep_alive":"30m","thread_pool.profiling.max":"1","thread_pool.refresh.core":"1","thread_pool.refresh.keep_alive":"5m","thread_pool.refresh.max":"8","thread_pool.repository_azure.core":"0","thread_pool.repository_azure.keep_alive":"30s","thread_pool.repository_azure.max":"5","thread_pool.scheduler.warn_threshold":"5s","thread_pool.search.queue_size":"25000","thread_pool.search.size":"25","thread_pool.search_coordination.queue_size":"1000","thread_pool.search_coordination.size":"8","thread_pool.search_throttled.queue_size":"0","thread_pool.search_throttled.size":"0","thread_pool.search_worker.queue_size":"0","thread_pool.search_worker.size":"0","thread_pool.snapshot.core":"1","thread_pool.snapshot.keep_alive":"5m","thread_pool.snapshot.max":"10","thread_pool.snapshot_meta.core":"1","thread_pool.snapshot_meta.keep_alive":"30s","thread_pool.snapshot_meta.max":"48","thread_pool.system_critical_read.queue_size":"2000","thread_pool.system_critical_read.size":"5","thread_pool.system_critical_write.queue_size":"1500","thread_pool.system_critical_write.size":"5","thread_pool.system_read.queue_size":"2000","thread_pool.system_read.size":"5","thread_pool.system_write.queue_size":"1000","thread_pool.system_write.size":"5","thread_pool.warmer.core":"1","thread_pool.warmer.keep_alive":"5m","thread_pool.warmer.max":"5","thread_pool.write.ewma_alpha":"0.02","thread_pool.write.queue_size":"10000","thread_pool.write.size":"16","thread_pool.write_coordination.queue_size":"10000","thread_pool.write_coordination.size":"16","time_series.poll_interval":"5m","transport.bind_host":["0.0.0.0"],"transport.compress":"INDEXING_DATA","transport.compression_scheme":"LZ4","transport.connect_timeout":"30s","transport.connections_per_node.bulk":"3","transport.connections_per_node.ping":"1","transport.connections_per_node.recovery":"2","transport.connections_per_node.reg":"6","transport.connections_per_node.state":"1","transport.enable_stack_protection":"false","transport.host":["0.0.0.0"],"transport.netty.boss_count":"1","transport.netty.receive_predictor_max":"64kb","transport.netty.receive_predictor_min":"64kb","transport.netty.receive_predictor_size":"64kb","transport.netty.worker_count":"16","transport.ping_schedule":"-1","transport.port":"9300-9399","transport.publish_host":["0.0.0.0"],"transport.publish_port":"-1","transport.rst_on_close":"false","transport.slow_operation_logging_threshold":"5s","transport.tcp.keep_alive":"true","transport.tcp.keep_count":"-1","transport.tcp.keep_idle":"-1","transport.tcp.keep_interval":"-1","transport.tcp.no_delay":"true","transport.tcp.receive_buffer_size":"-1b","transport.tcp.reuse_address":"true","transport.tcp.send_buffer_size":"-1b","transport.tracer.exclude":["internal:coordination/fault_detection/*"],"transport.tracer.include":[],"transport.type":"security4","transport.type.default":"netty4","write_load_forecaster.max_index_age":"7d","xpack.apm_data.enabled":"true","xpack.apm_data.registry.enabled":"true","xpack.applications.behavioral_analytics.ingest.bulk_processor.flush_delay":"10s","xpack.applications.behavioral_analytics.ingest.bulk_processor.max_bytes_in_flight":"5%","xpack.applications.behavioral_analytics.ingest.bulk_processor.max_events_per_bulk":"500","xpack.applications.behavioral_analytics.ingest.bulk_processor.max_number_of_retries":"1","xpack.applications.rules.max_rules_per_ruleset":"100","xpack.autoscaling.memory.monitor.timeout":"15s","xpack.ccr.ccr_thread_pool.queue_size":"100","xpack.ccr.ccr_thread_pool.size":"32","xpack.ccr.enabled":"true","xpack.downsample.thread_pool.queue_size":"256","xpack.downsample.thread_pool.size":"2","xpack.ent_search.enabled":"true","xpack.eql.default_allow_partial_results":"true","xpack.eql.default_allow_partial_sequence_results":"false","xpack.eql.enabled":"true","xpack.graph.enabled":"true","xpack.http.connection_pool_ttl":"-1","xpack.http.default_connection_timeout":"10s","xpack.http.default_read_timeout":"10s","xpack.http.max_response_size":"10mb","xpack.http.proxy.host":"","xpack.http.proxy.port":"0","xpack.http.proxy.scheme":"","xpack.http.tcp.keep_alive":"true","xpack.http.whitelist":["*"],"xpack.idp.allowed_nameid_formats":["urn:oasis:names:tc:SAML:2.0:nameid-format:transient"],"xpack.idp.contact.email":"","xpack.idp.contact.given_name":"","xpack.idp.contact.surname":"","xpack.idp.defaults.authn_expiry":"5m","xpack.idp.defaults.nameid_format":"urn:oasis:names:tc:SAML:2.0:nameid-format:transient","xpack.idp.enabled":"false","xpack.idp.entity_id":"","xpack.idp.metadata.signing.keystore.alias":"","xpack.idp.organization.display_name":"","xpack.idp.organization.name":"","xpack.idp.organization.url":"http:","xpack.idp.privileges.application":"","xpack.idp.privileges.cache.size":"100","xpack.idp.privileges.cache.ttl":"90m","xpack.idp.signing.keystore.alias":"","xpack.idp.slo_endpoint.post":"https:","xpack.idp.slo_endpoint.redirect":"https:","xpack.idp.sp.cache.size":"1000","xpack.idp.sp.cache.ttl":"60m","xpack.idp.sp.wildcard.path":"wildcard_services.json","xpack.idp.sso_endpoint.post":"https:","xpack.idp.sso_endpoint.redirect":"https:","xpack.inference.eis.gateway.url":"","xpack.inference.elastic.authorization_request_interval":"10m","xpack.inference.elastic.http.connection_ttl":"60s","xpack.inference.elastic.http.ssl.enabled":"true","xpack.inference.elastic.max_authorization_request_jitter":"5m","xpack.inference.elastic.periodic_authorization_enabled":"true","xpack.inference.elastic.url":"","xpack.inference.http.connect_timeout":"5s","xpack.inference.http.connection_eviction_interval":"1m","xpack.inference.http.connection_eviction_max_idle_time":"1m","xpack.inference.http.max_response_size":"50mb","xpack.inference.http.max_route_connections":"20","xpack.inference.http.max_total_connections":"50","xpack.inference.http.request_executor.queue_capacity":"2000","xpack.inference.http.request_executor.rate_limit_group_cleanup_interval":"1d","xpack.inference.http.request_executor.rate_limit_group_stale_duration":"10d","xpack.inference.http.request_executor.task_poll_frequency":"50ms","xpack.inference.http.retry.debug_frequency_amount":"5m","xpack.inference.http.retry.debug_frequency_mode":"OFF","xpack.inference.http.retry.initial_delay":"1s","xpack.inference.http.retry.max_delay_bound":"5s","xpack.inference.http.retry.timeout":"30s","xpack.inference.logging.interval":"1h","xpack.inference.logging.reset_interval":"1d","xpack.inference.logging.wait_duration":"1h","xpack.inference.skip_validate_and_start":"false","xpack.inference.truncator.reduction_percentage":"0.5","xpack.inference.utility_thread_pool.core":"0","xpack.inference.utility_thread_pool.keep_alive":"10m","xpack.inference.utility_thread_pool.max":"10","xpack.license.self_generated.type":"basic","xpack.license.upload.types":["standard","gold","platinum","enterprise","trial"],"xpack.mapping.synthetic_source_fallback_to_stored_source":"false","xpack.ml.allocated_processors_scale":"1","xpack.ml.autodetect_process":"true","xpack.ml.datafeed_thread_pool.core":"1","xpack.ml.datafeed_thread_pool.keep_alive":"1m","xpack.ml.datafeed_thread_pool.max":"512","xpack.ml.delayed_data_check_freq":"15m","xpack.ml.dummy_entity_memory":"0b","xpack.ml.dummy_entity_processors":"0","xpack.ml.enable_config_migration":"true","xpack.ml.enabled":"true","xpack.ml.inference_model.cache_size":"40%","xpack.ml.inference_model.time_to_live":"5m","xpack.ml.job_comms_thread_pool.core":"4","xpack.ml.job_comms_thread_pool.keep_alive":"1m","xpack.ml.job_comms_thread_pool.max":"2048","xpack.ml.max_anomaly_records":"500","xpack.ml.max_inference_processors":"50","xpack.ml.max_lazy_ml_nodes":"0","xpack.ml.max_machine_memory_percent":"30","xpack.ml.max_ml_node_size":"0b","xpack.ml.max_model_memory_limit":"0b","xpack.ml.max_open_jobs":"512","xpack.ml.min_disk_space_off_heap":"5gb","xpack.ml.model_download_thread_pool.queue_size":"-1","xpack.ml.model_download_thread_pool.size":"5","xpack.ml.model_repository":"https://ml-models.elastic.co","xpack.ml.native_inference_comms_thread_pool.core":"3","xpack.ml.native_inference_comms_thread_pool.keep_alive":"1m","xpack.ml.native_inference_comms_thread_pool.max":"348","xpack.ml.nightly_maintenance_requests_per_second":"-1.0","xpack.ml.node_concurrent_job_allocations":"2","xpack.ml.persist_results_max_retries":"20","xpack.ml.process_connect_timeout":"10s","xpack.ml.trained_models.adaptive_allocations.scale_to_zero_time":"24h","xpack.ml.trained_models.adaptive_allocations.scale_up_cooldown_time":"5m","xpack.ml.use_auto_machine_memory_percent":"false","xpack.ml.utility_thread_pool.core":"1","xpack.ml.utility_thread_pool.keep_alive":"10m","xpack.ml.utility_thread_pool.max":"2048","xpack.monitoring.collection.ccr.stats.timeout":"10s","xpack.monitoring.collection.cluster.stats.timeout":"10s","xpack.monitoring.collection.enrich.stats.timeout":"10s","xpack.monitoring.collection.index.recovery.active_only":"false","xpack.monitoring.collection.index.recovery.timeout":"10s","xpack.monitoring.collection.index.stats.timeout":"10s","xpack.monitoring.collection.indices":[],"xpack.monitoring.collection.interval":"10s","xpack.monitoring.collection.ml.job.stats.timeout":"10s","xpack.monitoring.collection.node.stats.timeout":"10s","xpack.monitoring.elasticsearch.collection.enabled":"true","xpack.monitoring.history.duration":"168h","xpack.monitoring.migration.decommission_alerts":"false","xpack.monitoring.templates.enabled":"true","xpack.notification.email.account.domain_allowlist":["*"],"xpack.notification.email.default_account":"","xpack.notification.email.html.sanitization.allow":["body","head","_tables","_links","_blocks","_formatting","img:embedded"],"xpack.notification.email.html.sanitization.disallow":[],"xpack.notification.email.html.sanitization.enabled":"true","xpack.notification.email.recipient_allowlist":["*"],"xpack.notification.jira.default_account":"","xpack.notification.pagerduty.default_account":"","xpack.notification.reporting.interval":"15s","xpack.notification.reporting.retries":"40","xpack.notification.reporting.warning.enabled":"true","xpack.notification.slack.default_account":"","xpack.notification.webhook.additional_token_enabled":"false","xpack.otel_data.registry.enabled":"true","xpack.profiling.check_outdated_indices":"true","xpack.profiling.enabled":"true","xpack.profiling.query.details.max_slices":"16","xpack.profiling.query.realtime":"true","xpack.profiling.query.stacktrace.max_slices":"16","xpack.profiling.templates.enabled":"false","xpack.rollup.task_thread_pool.queue_size":"-1","xpack.rollup.task_thread_pool.size":"1","xpack.searchable.snapshot.cache.range_size":"32mb","xpack.searchable.snapshot.cache.recovery_range_size":"128kb","xpack.searchable.snapshot.cache.sync.interval":"60s","xpack.searchable.snapshot.cache.sync.max_files":"10000","xpack.searchable.snapshot.cache.sync.shutdown_timeout":"10s","xpack.searchable.snapshot.shared_cache.concurrent_evictions":"5","xpack.searchable.snapshot.shared_cache.count_reads":"true","xpack.searchable.snapshot.shared_cache.decay.interval":"60s","xpack.searchable.snapshot.shared_cache.max_freq":"100","xpack.searchable.snapshot.shared_cache.min_time_delta":"60s","xpack.searchable.snapshot.shared_cache.mmap":"false","xpack.searchable.snapshot.shared_cache.range_size":"16mb","xpack.searchable.snapshot.shared_cache.recovery_range_size":"128kb","xpack.searchable.snapshot.shared_cache.region_size":"16mb","xpack.searchable.snapshot.shared_cache.size":"0","xpack.searchable.snapshot.shared_cache.size.max_headroom":"-1","xpack.searchable_snapshots.cache_fetch_async_thread_pool.core":"0","xpack.searchable_snapshots.cache_fetch_async_thread_pool.keep_alive":"30s","xpack.searchable_snapshots.cache_fetch_async_thread_pool.max":"48","xpack.searchable_snapshots.cache_prewarming_thread_pool.core":"0","xpack.searchable_snapshots.cache_prewarming_thread_pool.keep_alive":"30s","xpack.searchable_snapshots.cache_prewarming_thread_pool.max":"16","xpack.security.audit.enabled":"false","xpack.security.audit.logfile.emit_cluster_name":"false","xpack.security.audit.logfile.emit_cluster_uuid":"true","xpack.security.audit.logfile.emit_node_host_address":"false","xpack.security.audit.logfile.emit_node_host_name":"false","xpack.security.audit.logfile.emit_node_id":"true","xpack.security.audit.logfile.emit_node_name":"false","xpack.security.audit.logfile.events.emit_request_body":"false","xpack.security.audit.logfile.events.exclude":[],"xpack.security.audit.logfile.events.include":["ACCESS_DENIED","ACCESS_GRANTED","ANONYMOUS_ACCESS_DENIED","AUTHENTICATION_FAILED","CONNECTION_DENIED","TAMPERED_REQUEST","RUN_AS_DENIED","RUN_AS_GRANTED","SECURITY_CONFIG_CHANGE"],"xpack.security.authc.anonymous.authz_exception":"true","xpack.security.authc.anonymous.roles":[],"xpack.security.authc.anonymous.username":"_anonymous","xpack.security.authc.api_key.cache.hash_algo":"SSHA256","xpack.security.authc.api_key.cache.max_keys":"25000","xpack.security.authc.api_key.cache.ttl":"24h","xpack.security.authc.api_key.delete.interval":"24h","xpack.security.authc.api_key.delete.retention_period":"7d","xpack.security.authc.api_key.delete.timeout":"-1","xpack.security.authc.api_key.doc_cache.ttl":"5m","xpack.security.authc.api_key.enabled":"true","xpack.security.authc.api_key.hashing.algorithm":"SSHA256","xpack.security.authc.password_hashing.algorithm":"BCRYPT","xpack.security.authc.reserved_realm.enabled":"true","xpack.security.authc.run_as.enabled":"true","xpack.security.authc.service_token.cache.hash_algo":"ssha256","xpack.security.authc.service_token.cache.max_tokens":"100000","xpack.security.authc.service_token.cache.ttl":"20m","xpack.security.authc.success_cache.enabled":"true","xpack.security.authc.success_cache.expire_after_access":"1h","xpack.security.authc.success_cache.size":"10000","xpack.security.authc.token.delete.interval":"30m","xpack.security.authc.token.delete.timeout":"-1","xpack.security.authc.token.enabled":"true","xpack.security.authc.token.thread_pool.queue_size":"1000","xpack.security.authc.token.thread_pool.size":"1","xpack.security.authc.token.timeout":"20m","xpack.security.authz.store.privileges.cache.max_size":"10000","xpack.security.authz.store.privileges.cache.ttl":"24h","xpack.security.authz.store.roles.cache.max_size":"10000","xpack.security.authz.store.roles.field_permissions.cache.max_size_in_bytes":"104857600","xpack.security.authz.store.roles.has_privileges.cache.max_size":"1000","xpack.security.authz.store.roles.negative_lookup_cache.max_size":"10000","xpack.security.authz.timer.indices.enabled":"false","xpack.security.authz.timer.indices.threshold.debug":"20ms","xpack.security.authz.timer.indices.threshold.info":"100ms","xpack.security.authz.timer.indices.threshold.warn":"200ms","xpack.security.autoconfiguration.enabled":"true","xpack.security.automata.cache.enabled":"true","xpack.security.automata.cache.size":"10000","xpack.security.automata.cache.ttl":"48h","xpack.security.automata.max_determinized_states":"100000","xpack.security.crypto.thread_pool.queue_size":"1000","xpack.security.crypto.thread_pool.size":"8","xpack.security.dls.bitset.cache.size":"10%","xpack.security.dls.bitset.cache.ttl":"2h","xpack.security.dls_fls.enabled":"true","xpack.security.enabled":"true","xpack.security.encryption.algorithm":"AES/CTR/NoPadding","xpack.security.encryption_key.algorithm":"AES","xpack.security.encryption_key.length":"128","xpack.security.enrollment.enabled":"true","xpack.security.filter.always_allow_bound_address":"true","xpack.security.fips_mode.enabled":"false","xpack.security.fips_mode.required_providers":[],"xpack.security.http.filter.allow":[],"xpack.security.http.filter.deny":[],"xpack.security.http.filter.enabled":"true","xpack.security.http.ssl.enabled":"true","xpack.security.operator_privileges.enabled":"false","xpack.security.remote_cluster.filter.allow":[],"xpack.security.remote_cluster.filter.deny":[],"xpack.security.remote_cluster_client.ssl.enabled":"true","xpack.security.remote_cluster_server.ssl.enabled":"true","xpack.security.ssl.diagnose.trust":"true","xpack.security.transport.filter.allow":[],"xpack.security.transport.filter.deny":[],"xpack.security.transport.filter.enabled":"true","xpack.security.transport.ssl.enabled":"true","xpack.security.user":null,"xpack.transform.num_transform_failure_retries":"10","xpack.transform.transform_scheduler_frequency":"1s","xpack.watcher.actions.bulk.default_timeout":"","xpack.watcher.actions.index.default_timeout":"","xpack.watcher.bulk.actions":"1","xpack.watcher.bulk.concurrent_requests":"0","xpack.watcher.bulk.flush_interval":"1s","xpack.watcher.bulk.size":"1mb","xpack.watcher.enabled":"true","xpack.watcher.encrypt_sensitive_data":"false","xpack.watcher.execution.default_throttle_period":"5s","xpack.watcher.execution.scroll.size":"0","xpack.watcher.execution.scroll.timeout":"","xpack.watcher.index.rest.direct_access":"","xpack.watcher.input.search.default_timeout":"","xpack.watcher.internal.ops.bulk.default_timeout":"","xpack.watcher.internal.ops.index.default_timeout":"","xpack.watcher.internal.ops.search.default_timeout":"","xpack.watcher.max.history.record.size":"10mb","xpack.watcher.stop.timeout":"30s","xpack.watcher.thread_pool.queue_size":"1000","xpack.watcher.thread_pool.size":"50","xpack.watcher.transform.search.default_timeout":"","xpack.watcher.trigger.schedule.ticker.tick_interval":"500ms","xpack.watcher.use_ilm_index_management":"true","xpack.watcher.watch.scroll.size":"0"}}