{"executing_policies":[],"coordinator_stats":[{"node_id":"5zGVWtZuRN2K4L9nes5rQQ","queue_size":0,"remote_requests_current":0,"remote_requests_total":0,"executed_searches_total":0},{"node_id":"qH6PNowDS1GslOgh_1HN_A","queue_size":0,"remote_requests_current":0,"remote_requests_total":0,"executed_searches_total":0}],"cache_stats":[{"node_id":"5zGVWtZuRN2K4L9nes5rQQ","count":0,"hits":0,"misses":0,"evictions":0,"hits_time_in_millis":0,"misses_time_in_millis":0,"size_in_bytes":0},{"node_id":"qH6PNowDS1GslOgh_1HN_A","count":0,"hits":0,"misses":0,"evictions":0,"hits_time_in_millis":0,"misses_time_in_millis":0,"size_in_bytes":0}]}