{"_nodes":{"total":9,"successful":9,"failed":0},"cluster_name":"afs-elastic","nodes":{"FpfZMqOJQOSb8QPexZxqwQ":{"name":"afs-vm-eastus-elastic-az3-mas-p03","ephemeral_id":"mbgTCYseTN2jGjEGS7VsNw","transport_address":"192.168.0.6:9300","attributes":{"ml.config_version":"12.0.0"},"roles":["master","remote_cluster_client"],"mem":{"total_in_bytes":8053297152,"adjusted_total_in_bytes":8053297152,"ml":{"max_in_bytes":0,"native_code_overhead_in_bytes":0,"anomaly_detectors_in_bytes":0,"data_frame_analytics_in_bytes":0,"native_inference_in_bytes":0}},"jvm":{"heap_max_in_bytes":4026531840,"java_inference_max_in_bytes":1610612736,"java_inference_in_bytes":0}},"shEbUp1xSt22U26Y1kWHAA":{"name":"afs-vm-eastus-elastic-az1-mas-p01","ephemeral_id":"kGaf_gIZQmKZf5aR9R-B5A","transport_address":"192.168.0.4:9300","attributes":{"ml.config_version":"12.0.0"},"roles":["master","remote_cluster_client"],"mem":{"total_in_bytes":8053297152,"adjusted_total_in_bytes":8053297152,"ml":{"max_in_bytes":0,"native_code_overhead_in_bytes":0,"anomaly_detectors_in_bytes":0,"data_frame_analytics_in_bytes":0,"native_inference_in_bytes":0}},"jvm":{"heap_max_in_bytes":4026531840,"java_inference_max_in_bytes":1610612736,"java_inference_in_bytes":0}},"qH6PNowDS1GslOgh_1HN_A":{"name":"afs-vm-eastus-elastic-az1-hot-p01","ephemeral_id":"p11IBM5mRXCLavsUl9o7Cw","transport_address":"192.168.0.9:9300","attributes":{"ml.config_version":"12.0.0"},"roles":["data_content","data_hot","ingest","transform"],"mem":{"total_in_bytes":33379434496,"adjusted_total_in_bytes":33379434496,"ml":{"max_in_bytes":0,"native_code_overhead_in_bytes":0,"anomaly_detectors_in_bytes":0,"data_frame_analytics_in_bytes":0,"native_inference_in_bytes":0}},"jvm":{"heap_max_in_bytes":16693329920,"java_inference_max_in_bytes":6677331968,"java_inference_in_bytes":0}},"FkXTMwl2Qf-rur1P48QeNQ":{"name":"afs-vm-eastus-elastic-az1-ml-p01","ephemeral_id":"AMwIHSB0S-mryPcEbHDD0w","transport_address":"192.168.0.7:9300","attributes":{"ml.config_version":"12.0.0","ml.max_jvm_size":"6597640192","ml.allocated_processors_double":"8.0","ml.allocated_processors":"8","ml.machine_memory":"16495337472"},"roles":["ml"],"mem":{"total_in_bytes":16495337472,"adjusted_total_in_bytes":16495337472,"ml":{"max_in_bytes":4948601241,"native_code_overhead_in_bytes":31457280,"anomaly_detectors_in_bytes":15980294,"data_frame_analytics_in_bytes":0,"native_inference_in_bytes":0}},"jvm":{"heap_max_in_bytes":6597640192,"java_inference_max_in_bytes":2639056076,"java_inference_in_bytes":0}},"SywzE6bgQ6uWp_7InJeFuw":{"name":"afs-vm-eastus-elastic-az1-fzn-p01","ephemeral_id":"YsiC8d1nQ2aREdrFviw0QQ","transport_address":"192.168.0.11:9300","attributes":{"ml.config_version":"12.0.0"},"roles":["data_frozen"],"mem":{"total_in_bytes":16495337472,"adjusted_total_in_bytes":16495337472,"ml":{"max_in_bytes":0,"native_code_overhead_in_bytes":0,"anomaly_detectors_in_bytes":0,"data_frame_analytics_in_bytes":0,"native_inference_in_bytes":0}},"jvm":{"heap_max_in_bytes":8250195968,"java_inference_max_in_bytes":3300078387,"java_inference_in_bytes":0}},"5zGVWtZuRN2K4L9nes5rQQ":{"name":"afs-vm-eastus-elastic-az2-hot-p02","ephemeral_id":"d5qaO8nAQGa1F9wwhF9MBQ","transport_address":"192.168.0.10:9300","attributes":{"ml.config_version":"12.0.0"},"roles":["data_content","data_hot","ingest","transform"],"mem":{"total_in_bytes":33379438592,"adjusted_total_in_bytes":33379438592,"ml":{"max_in_bytes":0,"native_code_overhead_in_bytes":0,"anomaly_detectors_in_bytes":0,"data_frame_analytics_in_bytes":0,"native_inference_in_bytes":0}},"jvm":{"heap_max_in_bytes":16693329920,"java_inference_max_in_bytes":6677331968,"java_inference_in_bytes":0}},"p8x67SRnRRSe-fTgH6fW0A":{"name":"afs-vm-eastus-elastic-az2-fzn-p02","ephemeral_id":"ZoTzZ9M8SEKH5uuzGgZh7g","transport_address":"192.168.0.12:9300","attributes":{"ml.config_version":"12.0.0"},"roles":["data_frozen"],"mem":{"total_in_bytes":16495333376,"adjusted_total_in_bytes":16495333376,"ml":{"max_in_bytes":0,"native_code_overhead_in_bytes":0,"anomaly_detectors_in_bytes":0,"data_frame_analytics_in_bytes":0,"native_inference_in_bytes":0}},"jvm":{"heap_max_in_bytes":8250195968,"java_inference_max_in_bytes":3300078387,"java_inference_in_bytes":0}},"cadAw8rHRey02P9JG7EU5w":{"name":"afs-vm-eastus-elastic-az2-mas-p02","ephemeral_id":"IBHMzJNoSCWFO4r0eoQfXQ","transport_address":"192.168.0.5:9300","attributes":{"ml.config_version":"12.0.0"},"roles":["master","remote_cluster_client"],"mem":{"total_in_bytes":8053297152,"adjusted_total_in_bytes":8053297152,"ml":{"max_in_bytes":0,"native_code_overhead_in_bytes":0,"anomaly_detectors_in_bytes":0,"data_frame_analytics_in_bytes":0,"native_inference_in_bytes":0}},"jvm":{"heap_max_in_bytes":4026531840,"java_inference_max_in_bytes":1610612736,"java_inference_in_bytes":0}},"HLzM4CFpSx-TKeGjft7BGA":{"name":"afs-vm-eastus-elastic-az2-ml-p02","ephemeral_id":"BH5ifivwSH6VeBkN_lQw9Q","transport_address":"192.168.0.8:9300","attributes":{"ml.config_version":"12.0.0","ml.max_jvm_size":"6597640192","ml.allocated_processors_double":"8.0","ml.allocated_processors":"8","ml.machine_memory":"16495337472"},"roles":["ml"],"mem":{"total_in_bytes":16495337472,"adjusted_total_in_bytes":16495337472,"ml":{"max_in_bytes":4948601241,"native_code_overhead_in_bytes":0,"anomaly_detectors_in_bytes":0,"data_frame_analytics_in_bytes":0,"native_inference_in_bytes":0}},"jvm":{"heap_max_in_bytes":6597640192,"java_inference_max_in_bytes":2639056076,"java_inference_in_bytes":0}}}}