{"count":2,"trained_model_configs":[{"model_id":".elser_model_2_linux-x86_64","model_type":"pytorch","model_package":{"packaged_model_id":"elser_model_2_linux-x86_64","model_repository":"https://ml-models.elastic.co","minimum_version":"11.0.0","size":274756282,"sha256":"be69211494bf9cdc57a7aa0ee06814fcccf999407237816c9d9f0963858e2a61","metadata":{},"tags":[],"vocabulary_file":"elser_model_2_linux-x86_64.vocab.json","platform_architecture":"linux-x86_64"},"platform_architecture":"linux-x86_64","created_by":"api_user","version":"12.0.0","create_time":1758889562250,"model_size_bytes":0,"estimated_operations":0,"license_level":"platinum","description":"Elastic Learned Sparse EncodeR v2 optimized for linux-x86_64","tags":["elastic"],"metadata":{},"input":{"field_names":["text_field"]},"inference_config":{"text_expansion":{"vocabulary":{"index":".ml-inference-native-000002"},"tokenization":{"bert":{"do_lower_case":true,"with_special_tokens":true,"max_sequence_length":512,"truncate":"first","span":-1}}}},"location":{"index":{"name":".ml-inference-native-000002"}}},{"model_id":"lang_ident_model_1","model_type":"lang_ident","created_by":"_xpack","version":"7.6.0","create_time":1575548914594,"model_size_bytes":1053992,"estimated_operations":39629,"license_level":"basic","description":"Model used for identifying language from arbitrary input text.","tags":["lang_ident","prepackaged"],"input":{"field_names":["text"]},"inference_config":{"classification":{"num_top_classes":0,"top_classes_results_field":"top_classes","results_field":"predicted_value","num_top_feature_importance_values":0,"prediction_field_type":"string"}}}]}