{"count":8,"transforms":[{"id":"endpoint.metadata_current-default-9.1.0","authorization":{"service_account":"elastic/kibana"},"version":"10.0.0","create_time":1757999036028,"source":{"index":["metrics-endpoint.metadata-*"],"query":{"range":{"@timestamp":{"gt":"now-90d/d"}}}},"dest":{"index":"metrics-endpoint.metadata_current_default"},"frequency":"1s","sync":{"time":{"field":"event.ingested","delay":"1s"}},"latest":{"unique_key":["elastic.agent.id"],"sort":"@timestamp"},"description":"Latest Endpoint metadata document per host","settings":{},"_meta":{"managed_by":"fleet","managed":true,"package":{"name":"endpoint"}}},{"id":"endpoint.metadata_united-default-9.1.0","authorization":{"service_account":"elastic/kibana"},"version":"10.0.0","create_time":1757999036035,"source":{"index":["metrics-endpoint.metadata_current_default*",".fleet-agents*"],"query":{"match_all":{}}},"dest":{"index":".metrics-endpoint.metadata_united_default"},"frequency":"1s","sync":{"time":{"field":"updated_at","delay":"4s"}},"pivot":{"group_by":{"agent.id":{"terms":{"field":"agent.id"}}},"aggregations":{"united":{"scripted_metric":{"init_script":"state.docs = []","map_script":"state.docs.add(new HashMap(params['_source']))","combine_script":"return state.docs","reduce_script":"def ret = new HashMap(); for (s in states) { for (d in s) { if (d.containsKey('Endpoint')) { ret.endpoint = d } else { ret.agent = d } }} return ret"}}}},"description":"Merges latest Endpoint and Agent metadata documents","settings":{},"_meta":{"managed_by":"fleet","managed":true,"package":{"name":"endpoint"}}},{"id":"logs-elasticsearch.index_pivot-default-0.3.0","authorization":{"api_key":{"id":"bMtFmJoB7Ht5d1fhTbe3","name":"elasticsearch-1.19.0-transform-by-adarshprempv"}},"version":"10.0.0","create_time":1763491271206,"source":{"index":["metrics-elasticsearch.stack_monitoring.index*",".monitoring-es-*","metricbeat-*"],"query":{"bool":{"filter":[{"bool":{"filter":[{"exists":{"field":"elasticsearch.index.creation_date"}},{"exists":{"field":"elasticsearch.index.tier_preference"}}],"should":[{"term":{"event.dataset":"elasticsearch.index"}},{"term":{"event.dataset":"elasticsearch.stack_monitoring.index"}}]}},{"bool":{"should":[{"bool":{"must_not":[{"prefix":{"elasticsearch.index.name":"."}}]}},{"bool":{"filter":[{"prefix":{"elasticsearch.index.name":".ds-"}}],"must_not":[{"prefix":{"elasticsearch.index.name":".ds-."}},{"prefix":{"elasticsearch.index.name":".ds-ilm-history"}}]}}]}}]}}},"dest":{"index":"monitoring-indices","aliases":[],"pipeline":"1.19.0-monitoring_indices"},"frequency":"10m","sync":{"time":{"field":"@timestamp","delay":"60s"}},"pivot":{"group_by":{"@timestamp":{"date_histogram":{"field":"timestamp","fixed_interval":"10m"}},"elasticsearch.cluster.name":{"terms":{"field":"elasticsearch.cluster.name"}},"elasticsearch.index.name":{"terms":{"field":"elasticsearch.index.name"}}},"aggregations":{"start":{"top_metrics":{"metrics":[{"field":"elasticsearch.index.primaries.docs.count"},{"field":"elasticsearch.index.primaries.store.total_data_set_size_in_bytes"},{"field":"elasticsearch.index.total.store.size_in_bytes"},{"field":"elasticsearch.index.total.search.query_total"},{"field":"elasticsearch.index.total.search.query_time_in_millis"},{"field":"elasticsearch.index.total.indexing.index_total"},{"field":"elasticsearch.index.total.indexing.index_time_in_millis"}],"sort":{"@timestamp":"asc"}}},"end":{"top_metrics":{"metrics":[{"field":"elasticsearch.index.tier_preference"},{"field":"elasticsearch.index.creation_date"},{"field":"elasticsearch.index.primaries.docs.count"},{"field":"elasticsearch.index.primaries.store.total_data_set_size_in_bytes"},{"field":"elasticsearch.index.total.store.size_in_bytes"},{"field":"elasticsearch.index.total.search.query_total"},{"field":"elasticsearch.index.total.search.query_time_in_millis"},{"field":"elasticsearch.index.total.indexing.index_total"},{"field":"elasticsearch.index.total.indexing.index_time_in_millis"}],"sort":{"@timestamp":"desc"}}},"elasticsearch.index.primaries.docs.count_delta":{"bucket_script":{"buckets_path":{"start":"start[elasticsearch.index.primaries.docs.count]","end":"end[elasticsearch.index.primaries.docs.count]"},"script":"params.end-params.start"}},"elasticsearch.index.primaries.store.total_data_set_size_in_bytes_delta":{"bucket_script":{"buckets_path":{"start":"start[elasticsearch.index.primaries.store.total_data_set_size_in_bytes]","end":"end[elasticsearch.index.primaries.store.total_data_set_size_in_bytes]"},"script":"params.end-params.start"}},"elasticsearch.index.total.store.size_in_bytes_delta":{"bucket_script":{"buckets_path":{"start":"start[elasticsearch.index.total.store.size_in_bytes]","end":"end[elasticsearch.index.total.store.size_in_bytes]"},"script":"params.end-params.start"}},"elasticsearch.index.total.search.query_total_delta":{"bucket_script":{"buckets_path":{"start":"start[elasticsearch.index.total.search.query_total]","end":"end[elasticsearch.index.total.search.query_total]"},"script":"Math.max(0, params.end-params.start)"}},"elasticsearch.index.total.search.query_time_in_millis_delta":{"bucket_script":{"buckets_path":{"start":"start[elasticsearch.index.total.search.query_time_in_millis]","end":"end[elasticsearch.index.total.search.query_time_in_millis]"},"script":"Math.max(0, params.end-params.start)"}},"elasticsearch.index.total.indexing.index_total_delta":{"bucket_script":{"buckets_path":{"start":"start[elasticsearch.index.total.indexing.index_total]","end":"end[elasticsearch.index.total.indexing.index_total]"},"script":"Math.max(0, params.end-params.start)"}},"elasticsearch.index.total.indexing.index_time_in_millis_delta":{"bucket_script":{"buckets_path":{"start":"start[elasticsearch.index.total.indexing.index_time_in_millis]","end":"end[elasticsearch.index.total.indexing.index_time_in_millis]"},"script":"Math.max(0, params.end-params.start)"}}}},"description":"This transform runs every 10 minutes to compute extra metrics for the Elasticsearch indices.","settings":{"deduce_mappings":false,"unattended":true},"_meta":{"fleet_transform_version":"0.3.0","run_as_kibana_system":false,"managed_by":"fleet","managed":true,"package":{"name":"elasticsearch"},"installed_by":"adarshprempv"}},{"id":"logs-rapid7_insightvm.latest_cdr_vulnerabilities-default-0.1.0","authorization":{"service_account":"elastic/kibana"},"version":"10.0.0","create_time":1758893749464,"source":{"index":["logs-rapid7_insightvm.asset_vulnerability-*"],"query":{"match_all":{}}},"dest":{"index":"security_solution-rapid7_insightvm.vulnerability_latest-v1","aliases":[{"alias":"security_solution-rapid7_insightvm.vulnerability_latest","move_on_creation":true}]},"frequency":"5m","sync":{"time":{"field":"event.ingested","delay":"60s"}},"latest":{"unique_key":["event.id","resource.id","data_stream.namespace"],"sort":"@timestamp"},"description":"Latest Vulnerabilities Findings from Rapid7 InsightVM.","settings":{"unattended":true},"_meta":{"managed":true,"fleet_transform_version":"0.1.0","managed_by":"fleet","package":{"name":"rapid7_insightvm"},"installed_by":"elastic","run_as_kibana_system":true},"retention_policy":{"time":{"field":"@timestamp","max_age":"90d"}}},{"id":"logs-ti_rapid7_threat_command.latest_alert-default-0.2.0","authorization":{"service_account":"elastic/kibana"},"version":"10.0.0","create_time":1758893009785,"source":{"index":["logs-ti_rapid7_threat_command.alert-*"],"query":{"bool":{"must_not":{"exists":{"field":"error.message"}}}}},"dest":{"index":"logs-ti_rapid7_threat_command_latest.dest_alert-2","aliases":[{"alias":"logs-ti_rapid7_threat_command_latest.alert","move_on_creation":true}]},"frequency":"30s","sync":{"time":{"field":"event.ingested","delay":"120s"}},"latest":{"unique_key":["event.dataset","event.id"],"sort":"@timestamp"},"description":"Rapid7 Threat Command Unique Alerts.","settings":{},"_meta":{"managed":true,"fleet_transform_version":"0.2.0","managed_by":"fleet","package":{"name":"ti_rapid7_threat_command"},"installed_by":"elastic","run_as_kibana_system":true},"retention_policy":{"time":{"field":"@timestamp","max_age":"180d"}}},{"id":"logs-ti_rapid7_threat_command.latest_ioc-default-0.2.0","authorization":{"service_account":"elastic/kibana"},"version":"10.0.0","create_time":1758893010634,"source":{"index":["logs-ti_rapid7_threat_command.ioc-*"],"query":{"bool":{"must_not":{"exists":{"field":"error.message"}},"must":{"exists":{"field":"labels.is_ioc_transform_source"}}}}},"dest":{"index":"logs-ti_rapid7_threat_command_latest.dest_ioc-2","aliases":[{"alias":"logs-ti_rapid7_threat_command_latest.ioc","move_on_creation":true}]},"frequency":"30s","sync":{"time":{"field":"event.ingested","delay":"120s"}},"latest":{"unique_key":["event.dataset","threat.indicator.name"],"sort":"@timestamp"},"description":"Latest Rapid7 Threat Command IOC data","settings":{},"_meta":{"managed":true,"fleet_transform_version":"0.2.0","managed_by":"fleet","package":{"name":"ti_rapid7_threat_command"},"installed_by":"elastic","run_as_kibana_system":true},"retention_policy":{"time":{"field":"rapid7.tc.ioc.deleted_at","max_age":"1m"}}},{"id":"logs-ti_rapid7_threat_command.latest_vulnerability-default-0.2.0","authorization":{"service_account":"elastic/kibana"},"version":"10.0.0","create_time":1758893010274,"source":{"index":["logs-ti_rapid7_threat_command.vulnerability-*"],"query":{"bool":{"must_not":{"exists":{"field":"error.message"}}}}},"dest":{"index":"logs-ti_rapid7_threat_command_latest.dest_vulnerability-2","aliases":[{"alias":"logs-ti_rapid7_threat_command_latest.vulnerability","move_on_creation":true}]},"frequency":"30s","sync":{"time":{"field":"event.ingested","delay":"120s"}},"latest":{"unique_key":["event.dataset","vulnerability.id"],"sort":"@timestamp"},"description":"Rapid7 Threat Command Unique CVEs.","settings":{},"_meta":{"managed":true,"fleet_transform_version":"0.2.0","managed_by":"fleet","package":{"name":"ti_rapid7_threat_command"},"installed_by":"elastic","run_as_kibana_system":true},"retention_policy":{"time":{"field":"@timestamp","max_age":"180d"}}},{"id":"snare_endpoints_last_v2","authorization":{"roles":["superuser"]},"version":"10.0.0","create_time":1763711181835,"source":{"index":["logs-snare_data-default*"],"query":{"match_all":{}}},"dest":{"index":"snare_endpoints_last_v2"},"sync":{"time":{"field":"@timestamp","delay":"5m"}},"pivot":{"group_by":{"cef.extensions.deviceAddress":{"terms":{"field":"cef.extensions.deviceAddress"}}},"aggregations":{"last_event_time":{"max":{"field":"@timestamp"}},"@timestamp":{"max":{"field":"@timestamp"}}}},"description":"Transform containing timestamp and IP of last message per each snare endpoint","settings":{}}]}