{"count":8,"transforms":[{"id":"endpoint.metadata_current-default-9.1.0","state":"started","node":{"id":"qH6PNowDS1GslOgh_1HN_A","name":"afs-vm-eastus-elastic-az1-hot-p01","ephemeral_id":"p11IBM5mRXCLavsUl9o7Cw","transport_address":"192.168.0.9:9300","attributes":{}},"stats":{"pages_processed":49,"documents_processed":24,"documents_indexed":24,"documents_deleted":0,"trigger_count":5942369,"index_time_in_ms":288,"index_total":24,"index_failures":0,"search_time_in_ms":70,"search_total":49,"search_failures":0,"processing_time_in_ms":0,"processing_total":49,"delete_time_in_ms":0,"exponential_avg_checkpoint_duration_ms":61.83688699616705,"exponential_avg_documents_indexed":0.9919016641667044,"exponential_avg_documents_processed":0.9919016641667044},"checkpointing":{"last":{"checkpoint":25,"timestamp_millis":1763115583896,"time_upper_bound_millis":1763115582896}},"health":{"status":"yellow","issues":[{"type":"transform_indexer_failed","issue":"Transform indexer failed","details":"Failed to execute phase [query], ; org.elasticsearch.action.search.SearchPhaseExecutionException: Search rejected due to missing shards [[.ds-metrics-endpoint.metadata-default-2025.12.12-000002][0]]. Consider using `allow_partial_search_results` setting to bypass this error.","count":1,"first_occurrence":1765556427664}]}},{"id":"endpoint.metadata_united-default-9.1.0","state":"started","node":{"id":"qH6PNowDS1GslOgh_1HN_A","name":"afs-vm-eastus-elastic-az1-hot-p01","ephemeral_id":"p11IBM5mRXCLavsUl9o7Cw","transport_address":"192.168.0.9:9300","attributes":{}},"stats":{"pages_processed":4149373,"documents_processed":2192512,"documents_indexed":1849883,"documents_deleted":0,"trigger_count":8262557,"index_time_in_ms":12412249,"index_total":1037341,"index_failures":0,"search_time_in_ms":6275950,"search_total":4149373,"search_failures":0,"processing_time_in_ms":3548,"processing_total":4149373,"delete_time_in_ms":0,"exponential_avg_checkpoint_duration_ms":55.818471780904105,"exponential_avg_documents_indexed":1.5796051935138689,"exponential_avg_documents_processed":2.2080421052575145},"checkpointing":{"last":{"checkpoint":1037352,"timestamp_millis":1766499355130,"time_upper_bound_millis":1766499351130}},"health":{"status":"green"}},{"id":"logs-elasticsearch.index_pivot-default-0.3.0","state":"stopped","stats":{"pages_processed":0,"documents_processed":0,"documents_indexed":0,"documents_deleted":0,"trigger_count":0,"index_time_in_ms":0,"index_total":0,"index_failures":0,"search_time_in_ms":0,"search_total":0,"search_failures":0,"processing_time_in_ms":0,"processing_total":0,"delete_time_in_ms":0,"exponential_avg_checkpoint_duration_ms":0.0,"exponential_avg_documents_indexed":0.0,"exponential_avg_documents_processed":0.0},"checkpointing":{"last":{"checkpoint":0}},"health":{"status":"green"}},{"id":"logs-rapid7_insightvm.latest_cdr_vulnerabilities-default-0.1.0","state":"started","node":{"id":"qH6PNowDS1GslOgh_1HN_A","name":"afs-vm-eastus-elastic-az1-hot-p01","ephemeral_id":"p11IBM5mRXCLavsUl9o7Cw","transport_address":"192.168.0.9:9300","attributes":{}},"stats":{"pages_processed":1,"documents_processed":0,"documents_indexed":0,"documents_deleted":0,"trigger_count":7290,"index_time_in_ms":0,"index_total":0,"index_failures":0,"search_time_in_ms":0,"search_total":1,"search_failures":0,"processing_time_in_ms":0,"processing_total":1,"delete_time_in_ms":29,"exponential_avg_checkpoint_duration_ms":54.0,"exponential_avg_documents_indexed":0.0,"exponential_avg_documents_processed":0.0},"checkpointing":{"last":{"checkpoint":1,"timestamp_millis":1758893750319,"time_upper_bound_millis":1758893690319}},"health":{"status":"green"}},{"id":"logs-ti_rapid7_threat_command.latest_alert-default-0.2.0","state":"started","node":{"id":"qH6PNowDS1GslOgh_1HN_A","name":"afs-vm-eastus-elastic-az1-hot-p01","ephemeral_id":"p11IBM5mRXCLavsUl9o7Cw","transport_address":"192.168.0.9:9300","attributes":{}},"stats":{"pages_processed":1,"documents_processed":0,"documents_indexed":0,"documents_deleted":0,"trigger_count":72890,"index_time_in_ms":0,"index_total":0,"index_failures":0,"search_time_in_ms":0,"search_total":1,"search_failures":0,"processing_time_in_ms":0,"processing_total":1,"delete_time_in_ms":1,"exponential_avg_checkpoint_duration_ms":21.0,"exponential_avg_documents_indexed":0.0,"exponential_avg_documents_processed":0.0},"checkpointing":{"last":{"checkpoint":1,"timestamp_millis":1758893012148,"time_upper_bound_millis":1758892892148}},"health":{"status":"green"}},{"id":"logs-ti_rapid7_threat_command.latest_ioc-default-0.2.0","state":"started","node":{"id":"qH6PNowDS1GslOgh_1HN_A","name":"afs-vm-eastus-elastic-az1-hot-p01","ephemeral_id":"p11IBM5mRXCLavsUl9o7Cw","transport_address":"192.168.0.9:9300","attributes":{}},"stats":{"pages_processed":1,"documents_processed":0,"documents_indexed":0,"documents_deleted":0,"trigger_count":72890,"index_time_in_ms":0,"index_total":0,"index_failures":0,"search_time_in_ms":1,"search_total":1,"search_failures":0,"processing_time_in_ms":0,"processing_total":1,"delete_time_in_ms":22,"exponential_avg_checkpoint_duration_ms":56.0,"exponential_avg_documents_indexed":0.0,"exponential_avg_documents_processed":0.0},"checkpointing":{"last":{"checkpoint":1,"timestamp_millis":1758893012028,"time_upper_bound_millis":1758892892028}},"health":{"status":"green"}},{"id":"logs-ti_rapid7_threat_command.latest_vulnerability-default-0.2.0","state":"started","node":{"id":"qH6PNowDS1GslOgh_1HN_A","name":"afs-vm-eastus-elastic-az1-hot-p01","ephemeral_id":"p11IBM5mRXCLavsUl9o7Cw","transport_address":"192.168.0.9:9300","attributes":{}},"stats":{"pages_processed":1,"documents_processed":0,"documents_indexed":0,"documents_deleted":0,"trigger_count":72890,"index_time_in_ms":0,"index_total":0,"index_failures":0,"search_time_in_ms":0,"search_total":1,"search_failures":0,"processing_time_in_ms":0,"processing_total":1,"delete_time_in_ms":1,"exponential_avg_checkpoint_duration_ms":17.0,"exponential_avg_documents_indexed":0.0,"exponential_avg_documents_processed":0.0},"checkpointing":{"last":{"checkpoint":1,"timestamp_millis":1758893012079,"time_upper_bound_millis":1758892892079}},"health":{"status":"green"}},{"id":"snare_endpoints_last_v2","state":"started","node":{"id":"qH6PNowDS1GslOgh_1HN_A","name":"afs-vm-eastus-elastic-az1-hot-p01","ephemeral_id":"p11IBM5mRXCLavsUl9o7Cw","transport_address":"192.168.0.9:9300","attributes":{}},"stats":{"pages_processed":262419,"documents_processed":72824830706307,"documents_indexed":27934507,"documents_deleted":0,"trigger_count":41062,"index_time_in_ms":1923403,"index_total":74919,"index_failures":0,"search_time_in_ms":1439536148,"search_total":262419,"search_failures":9,"processing_time_in_ms":46366,"processing_total":262419,"delete_time_in_ms":0,"exponential_avg_checkpoint_duration_ms":73693.2567806893,"exponential_avg_documents_indexed":795.3611765035605,"exponential_avg_documents_processed":4.151590779235869E9},"checkpointing":{"last":{"checkpoint":37657,"timestamp_millis":1766499270808,"time_upper_bound_millis":1766498970808}},"health":{"status":"green"}}]}