{".alerts-ilm-policy":{"version":19,"modified_date":"2025-12-22T15:04:49.972Z","policy":{"phases":{"hot":{"min_age":"0ms","actions":{"rollover":{"max_age":"30d","max_primary_shard_size":"50gb"}}}},"_meta":{"managed":true}},"in_use_by":{"indices":[".internal.alerts-transform.health.alerts-default-000001",".internal.alerts-default.alerts-default-000004",".internal.alerts-ml.anomaly-detection.alerts-default-000001",".internal.alerts-default.alerts-default-000003",".internal.alerts-observability.slo.alerts-default-000001",".internal.alerts-default.alerts-default-000002",".internal.alerts-streams.alerts-default-000001",".internal.alerts-default.alerts-default-000001",".internal.alerts-observability.apm.alerts-default-000001",".internal.alerts-security.attack.discovery.alerts-default-000001",".internal.alerts-observability.metrics.alerts-default-000001",".internal.alerts-ml.anomaly-detection-health.alerts-default-000001",".internal.alerts-security.alerts-default-000003",".internal.alerts-stack.alerts-default-000003",".internal.alerts-security.alerts-default-000004",".internal.alerts-security.alerts-default-000001",".internal.alerts-security.alerts-default-000002",".internal.alerts-stack.alerts-default-000001",".internal.alerts-stack.alerts-default-000002",".internal.alerts-observability.logs.alerts-default-000003",".internal.alerts-observability.logs.alerts-default-000002",".internal.alerts-observability.logs.alerts-default-000001",".internal.alerts-observability.uptime.alerts-default-000001",".internal.alerts-observability.threshold.alerts-default-000001",".internal.preview.alerts-security.alerts-default-000002",".internal.preview.alerts-security.alerts-default-000001",".internal.alerts-dataset.quality.alerts-default-000001"],"data_streams":[],"composable_templates":[".alerts-ml.anomaly-detection.alerts-default-index-template",".alerts-observability.slo.alerts-default-index-template",".alerts-observability.uptime.alerts-default-index-template",".alerts-dataset.quality.alerts-default-index-template",".preview.alerts-security.alerts-default-index-template",".alerts-default.alerts-default-index-template",".alerts-observability.metrics.alerts-default-index-template",".alerts-observability.threshold.alerts-default-index-template",".alerts-transform.health.alerts-default-index-template",".alerts-security.attack.discovery.alerts-default-index-template",".alerts-ml.anomaly-detection-health.alerts-default-index-template",".alerts-observability.logs.alerts-default-index-template",".alerts-stack.alerts-default-index-template",".alerts-security.alerts-default-index-template",".alerts-streams.alerts-default-index-template",".alerts-observability.apm.alerts-default-index-template"]}},".deprecation-indexing-ilm-policy":{"version":1,"modified_date":"2025-09-04T13:10:20.842Z","policy":{"phases":{"hot":{"min_age":"0ms","actions":{"rollover":{"max_age":"30d","max_primary_shard_size":"10gb"}}},"delete":{"min_age":"30d","actions":{"delete":{"delete_searchable_snapshot":true}}}},"_meta":{"description":"ILM policy used for deprecation logs","managed":true}},"in_use_by":{"indices":[".ds-.logs-elasticsearch.deprecation-default-2025.12.03-000005",".ds-.logs-elasticsearch.deprecation-default-2025.11.03-000003"],"data_streams":[".logs-elasticsearch.deprecation-default"],"composable_templates":[".deprecation-indexing-template-9",".deprecation-indexing-template"]}},".fleet-actions-results-ilm-policy":{"version":1,"modified_date":"2025-09-04T13:10:20.842Z","policy":{"phases":{"hot":{"min_age":"0ms","actions":{"rollover":{"max_age":"30d","max_primary_shard_size":"300gb"}}},"delete":{"min_age":"90d","actions":{"delete":{"delete_searchable_snapshot":true}}}},"_meta":{"description":"default policy for fleet action results indices","managed":true}},"in_use_by":{"indices":[".ds-.fleet-actions-results-2025.12.22-000004",".ds-.fleet-actions-results-2025.11.22-000003",".ds-.fleet-actions-results-2025.09.23-000001",".ds-.fleet-actions-results-2025.10.23-000002"],"data_streams":[],"composable_templates":[]}},".fleet-file-fromhost-data-ilm-policy":{"version":1,"modified_date":"2025-09-04T13:10:20.842Z","policy":{"phases":{"hot":{"min_age":"0ms","actions":{"rollover":{"max_age":"7d","max_primary_shard_size":"10gb"}}},"delete":{"min_age":"7d","actions":{"delete":{"delete_searchable_snapshot":true}}}},"_meta":{"description":"policy for fleet uploaded files","managed":true}},"in_use_by":{"indices":[".ds-.fleet-fileds-fromhost-data-agent-2025.12.15-000019",".ds-.fleet-fileds-fromhost-data-agent-2025.12.22-000021"],"data_streams":[".fleet-fileds-fromhost-data-agent"],"composable_templates":[".fleet-fileds-fromhost-data"]}},".fleet-file-fromhost-meta-ilm-policy":{"version":1,"modified_date":"2025-09-04T13:10:20.842Z","policy":{"phases":{"hot":{"min_age":"0ms","actions":{"rollover":{"max_age":"30d","max_primary_shard_size":"10gb"}}},"delete":{"min_age":"90d","actions":{"delete":{"delete_searchable_snapshot":true}}}},"_meta":{"description":"policy for fleet uploaded file metadata","managed":true}},"in_use_by":{"indices":[".ds-.fleet-fileds-fromhost-meta-agent-2025.09.26-000001",".ds-.fleet-fileds-fromhost-meta-agent-2025.11.25-000003",".ds-.fleet-fileds-fromhost-meta-agent-2025.10.26-000002"],"data_streams":[".fleet-fileds-fromhost-meta-agent"],"composable_templates":[".fleet-fileds-fromhost-meta"]}},".fleet-file-tohost-data-ilm-policy":{"version":1,"modified_date":"2025-09-04T13:10:20.842Z","policy":{"phases":{"hot":{"min_age":"0ms","actions":{"rollover":{"max_age":"14d","max_primary_shard_size":"10gb"}}},"delete":{"min_age":"24d","actions":{"delete":{"delete_searchable_snapshot":true}}}},"_meta":{"description":"policy for fleet deliverable files","managed":true}},"in_use_by":{"indices":[],"data_streams":[],"composable_templates":[".fleet-fileds-tohost-data"]}},".fleet-file-tohost-meta-ilm-policy":{"version":1,"modified_date":"2025-09-04T13:10:20.842Z","policy":{"phases":{"hot":{"min_age":"0ms","actions":{"rollover":{"max_age":"30d","max_primary_shard_size":"10gb"}}},"delete":{"min_age":"90d","actions":{"delete":{"delete_searchable_snapshot":true}}}},"_meta":{"description":"policy for fleet deliverable file metadata","managed":true}},"in_use_by":{"indices":[],"data_streams":[],"composable_templates":[".fleet-fileds-tohost-meta"]}},".monitoring-8-ilm-policy":{"version":1,"modified_date":"2025-09-04T13:10:20.838Z","policy":{"phases":{"hot":{"min_age":"0ms","actions":{"rollover":{"max_age":"3d","max_primary_shard_size":"50gb"}}},"delete":{"min_age":"3d","actions":{"delete":{"delete_searchable_snapshot":true}}},"warm":{"min_age":"0ms","actions":{"forcemerge":{"max_num_segments":1}}}},"_meta":{"defaults":{"delete_min_age":"Using value of [3d] based on the monitoring plugin default"},"description":"Index lifecycle policy generated for [monitoring-*-8] data streams"}},"in_use_by":{"indices":[],"data_streams":[],"composable_templates":[".monitoring-beats-mb",".monitoring-es-mb",".monitoring-ent-search-mb",".monitoring-kibana-mb",".monitoring-logstash-mb"]}},".preview.alerts-security.alerts-policy":{"version":19,"modified_date":"2025-12-22T15:04:50.113Z","policy":{"phases":{"hot":{"min_age":"0ms","actions":{"rollover":{"max_age":"1d","max_primary_shard_size":"50gb"}}},"delete":{"min_age":"1d","actions":{"delete":{"delete_searchable_snapshot":true}}}}},"in_use_by":{"indices":[],"data_streams":[],"composable_templates":[]}},"180-days-default":{"version":1,"modified_date":"2025-09-04T13:10:20.839Z","policy":{"phases":{"delete":{"min_age":"180d","actions":{"delete":{"delete_searchable_snapshot":true}}},"cold":{"min_age":"30d","actions":{}},"warm":{"min_age":"2d","actions":{"forcemerge":{"max_num_segments":1},"shrink":{"number_of_shards":1,"allow_write_after_shrink":false}}},"hot":{"min_age":"0ms","actions":{"rollover":{"max_age":"30d","max_primary_shard_size":"50gb"}}}},"_meta":{"description":"built-in ILM policy using the hot, warm, and cold phases with a retention of 180 days","managed":true},"deprecated":true},"in_use_by":{"indices":[],"data_streams":[],"composable_templates":[]}},"180-days@lifecycle":{"version":1,"modified_date":"2025-09-04T13:10:20.841Z","policy":{"phases":{"delete":{"min_age":"180d","actions":{"delete":{"delete_searchable_snapshot":true}}},"cold":{"min_age":"30d","actions":{}},"warm":{"min_age":"2d","actions":{"forcemerge":{"max_num_segments":1},"shrink":{"number_of_shards":1,"allow_write_after_shrink":false}}},"hot":{"min_age":"0ms","actions":{"rollover":{"max_age":"30d","max_primary_shard_size":"50gb"}}}},"_meta":{"description":"built-in ILM policy using the hot, warm, and cold phases with a retention of 180 days","managed":true},"deprecated":false},"in_use_by":{"indices":[],"data_streams":[],"composable_templates":[]}},"30-days-default":{"version":1,"modified_date":"2025-09-04T13:10:20.839Z","policy":{"phases":{"hot":{"min_age":"0ms","actions":{"rollover":{"max_age":"30d","max_primary_shard_size":"50gb"}}},"delete":{"min_age":"30d","actions":{"delete":{"delete_searchable_snapshot":true}}},"warm":{"min_age":"2d","actions":{"forcemerge":{"max_num_segments":1},"shrink":{"number_of_shards":1,"allow_write_after_shrink":false}}}},"_meta":{"description":"built-in ILM policy using the hot and warm phases with a retention of 30 days","managed":true},"deprecated":true},"in_use_by":{"indices":[],"data_streams":[],"composable_templates":[]}},"30-days@lifecycle":{"version":1,"modified_date":"2025-09-04T13:10:20.840Z","policy":{"phases":{"hot":{"min_age":"0ms","actions":{"rollover":{"max_age":"30d","max_primary_shard_size":"50gb"}}},"delete":{"min_age":"30d","actions":{"delete":{"delete_searchable_snapshot":true}}},"warm":{"min_age":"2d","actions":{"forcemerge":{"max_num_segments":1},"shrink":{"number_of_shards":1,"allow_write_after_shrink":false}}}},"_meta":{"description":"built-in ILM policy using the hot and warm phases with a retention of 30 days","managed":true},"deprecated":false},"in_use_by":{"indices":[],"data_streams":[],"composable_templates":[]}},"365-days-default":{"version":1,"modified_date":"2025-09-04T13:10:20.840Z","policy":{"phases":{"delete":{"min_age":"365d","actions":{"delete":{"delete_searchable_snapshot":true}}},"cold":{"min_age":"30d","actions":{}},"warm":{"min_age":"2d","actions":{"forcemerge":{"max_num_segments":1},"shrink":{"number_of_shards":1,"allow_write_after_shrink":false}}},"hot":{"min_age":"0ms","actions":{"rollover":{"max_age":"30d","max_primary_shard_size":"50gb"}}}},"_meta":{"description":"built-in ILM policy using the hot, warm, and cold phases with a retention of 365 days","managed":true},"deprecated":true},"in_use_by":{"indices":[],"data_streams":[],"composable_templates":[]}},"365-days@lifecycle":{"version":1,"modified_date":"2025-09-04T13:10:20.840Z","policy":{"phases":{"delete":{"min_age":"365d","actions":{"delete":{"delete_searchable_snapshot":true}}},"cold":{"min_age":"30d","actions":{}},"warm":{"min_age":"2d","actions":{"forcemerge":{"max_num_segments":1},"shrink":{"number_of_shards":1,"allow_write_after_shrink":false}}},"hot":{"min_age":"0ms","actions":{"rollover":{"max_age":"30d","max_primary_shard_size":"50gb"}}}},"_meta":{"description":"built-in ILM policy using the hot, warm, and cold phases with a retention of 365 days","managed":true},"deprecated":false},"in_use_by":{"indices":[],"data_streams":[],"composable_templates":[]}},"7-days-default":{"version":1,"modified_date":"2025-09-04T13:10:20.839Z","policy":{"phases":{"hot":{"min_age":"0ms","actions":{"rollover":{"max_age":"7d","max_primary_shard_size":"50gb"}}},"delete":{"min_age":"7d","actions":{"delete":{"delete_searchable_snapshot":true}}},"warm":{"min_age":"2d","actions":{"forcemerge":{"max_num_segments":1},"shrink":{"number_of_shards":1,"allow_write_after_shrink":false}}}},"_meta":{"description":"built-in ILM policy using the hot and warm phases with a retention of 7 days","managed":true},"deprecated":true},"in_use_by":{"indices":[],"data_streams":[],"composable_templates":[]}},"7-days@lifecycle":{"version":1,"modified_date":"2025-09-04T13:10:20.842Z","policy":{"phases":{"hot":{"min_age":"0ms","actions":{"rollover":{"max_age":"7d","max_primary_shard_size":"50gb"}}},"delete":{"min_age":"7d","actions":{"delete":{"delete_searchable_snapshot":true}}},"warm":{"min_age":"2d","actions":{"forcemerge":{"max_num_segments":1},"shrink":{"number_of_shards":1,"allow_write_after_shrink":false}}}},"_meta":{"description":"built-in ILM policy using the hot and warm phases with a retention of 7 days","managed":true},"deprecated":false},"in_use_by":{"indices":[],"data_streams":[],"composable_templates":[]}},"90-days-default":{"version":1,"modified_date":"2025-09-04T13:10:20.839Z","policy":{"phases":{"delete":{"min_age":"90d","actions":{"delete":{"delete_searchable_snapshot":true}}},"cold":{"min_age":"30d","actions":{}},"warm":{"min_age":"2d","actions":{"forcemerge":{"max_num_segments":1},"shrink":{"number_of_shards":1,"allow_write_after_shrink":false}}},"hot":{"min_age":"0ms","actions":{"rollover":{"max_age":"30d","max_primary_shard_size":"50gb"}}}},"_meta":{"description":"built-in ILM policy using the hot, warm, and cold phases with a retention of 90 days","managed":true},"deprecated":true},"in_use_by":{"indices":[],"data_streams":[],"composable_templates":[]}},"90-days@lifecycle":{"version":1,"modified_date":"2025-09-04T13:10:20.840Z","policy":{"phases":{"delete":{"min_age":"90d","actions":{"delete":{"delete_searchable_snapshot":true}}},"cold":{"min_age":"30d","actions":{}},"warm":{"min_age":"2d","actions":{"forcemerge":{"max_num_segments":1},"shrink":{"number_of_shards":1,"allow_write_after_shrink":false}}},"hot":{"min_age":"0ms","actions":{"rollover":{"max_age":"30d","max_primary_shard_size":"50gb"}}}},"_meta":{"description":"built-in ILM policy using the hot, warm, and cold phases with a retention of 90 days","managed":true},"deprecated":false},"in_use_by":{"indices":[],"data_streams":[],"composable_templates":[]}},"afs-index-lifecycle":{"version":2,"modified_date":"2025-09-23T13:50:39.203Z","policy":{"phases":{"frozen":{"min_age":"2d","actions":{"searchable_snapshot":{"snapshot_repository":"my_backup","force_merge_index":true}}},"delete":{"min_age":"365d","actions":{"delete":{"delete_searchable_snapshot":true},"wait_for_snapshot":{"policy":"afs-daily-snapshots"}}},"hot":{"min_age":"0ms","actions":{"rollover":{"max_age":"1d","max_primary_shard_size":"40gb"},"set_priority":{"priority":100}}}}},"in_use_by":{"indices":["partial-.ds-logs-snare_data-default-2025.10.22-000016","partial-.ds-logs-snare_data-default-2025.10.21-000014","partial-.ds-logs-snare_data-default-2025.10.23-000018","partial-.ds-logs-snare_data-default-2025.10.31-000034","partial-.ds-logs-snare_data-default-2025.10.30-000032","partial-.ds-logs-snare_data-default-2025.10.20-000012","partial-.ds-logs-snare_data-default-2025.11.01-000036","partial-.ds-logs-snare_data-default-2025.12.19-000132",".ds-logs-snare_data-default-2025.12.22-000138","partial-.ds-logs-snare_data-default-2025.12.03-000100","partial-.ds-logs-snare_data-default-2025.12.05-000104","partial-.ds-logs-snare_data-default-2025.10.16-000003","partial-.ds-logs-snare_data-default-2025.11.21-000076",".ds-logs-snare_data-default-2025.12.20-000134","partial-.ds-logs-snare_data-default-2025.12.09-000112","partial-.ds-logs-snare_data-default-2025.10.18-000008","partial-.ds-logs-snare_data-default-2025.11.11-000056","partial-.ds-logs-snare_data-default-2025.10.24-000020","partial-.ds-logs-snare_data-default-2025.11.25-000084","partial-.ds-logs-snare_data-default-2025.11.23-000080","partial-.ds-logs-snare_data-default-2025.11.15-000064","partial-.ds-logs-snare_data-default-2025.11.13-000060","partial-.ds-logs-snare_data-default-2025.12.17-000128","partial-.ds-logs-snare_data-default-2025.12.15-000124","partial-.ds-logs-snare_data-default-2025.10.26-000024","partial-.ds-logs-snare_data-default-2025.12.13-000120","partial-.ds-logs-snare_data-default-2025.10.28-000028","partial-.ds-logs-snare_data-default-2025.11.03-000040","partial-.ds-logs-shodan.monitor-default-2025.09.18-000001","partial-.ds-logs-snare_data-default-2025.12.07-000108","partial-.ds-logs-snare_data-default-2025.11.28-000090","partial-.ds-logs-snare_data-default-2025.12.11-000116","partial-.ds-logs-snare_data-default-2025.12.10-000114","partial-.ds-logs-snare_data-default-2025.11.18-000070","partial-.ds-logs-snare_data-default-2025.12.01-000096","partial-.ds-logs-snare_data-default-2025.11.05-000044","partial-.ds-logs-snare_data-default-2025.11.19-000072","partial-.ds-logs-snare_data-default-2025.11.06-000046","partial-.ds-logs-snare_data-default-2025.11.07-000048","partial-.ds-logs-snare_data-default-2025.11.29-000092","partial-.ds-logs-snare_data-default-2025.12.02-000098","partial-.ds-logs-snare_data-default-2025.11.17-000068","partial-.ds-logs-snare_data-default-2025.11.16-000066","partial-.ds-logs-snare_data-default-2025.11.09-000052","partial-.ds-logs-snare_data-default-2025.11.08-000050","partial-.ds-logs-snare_data-default-2025.11.27-000088","partial-.ds-logs-snare_data-default-2025.12.12-000118","partial-.ds-logs-snare_data-default-2025.10.15-000002","partial-.ds-logs-snare_data-default-2025.10.17-000006","partial-.ds-logs-snare_data-default-2025.11.20-000074","partial-.ds-logs-snare_data-default-2025.10.29-000030","partial-.ds-logs-snare_data-default-2025.12.18-000130",".ds-logs-snare_data-default-2025.12.21-000136","partial-.ds-logs-snare_data-default-2025.10.13-000001","partial-.ds-logs-snare_data-default-2025.12.04-000102","partial-.ds-logs-snare_data-default-2025.11.26-000085","partial-.ds-logs-snare_data-default-2025.11.10-000054","partial-.ds-logs-snare_data-default-2025.11.12-000058","partial-.ds-logs-snare_data-default-2025.12.08-000110","partial-.ds-logs-snare_data-default-2025.10.25-000022","partial-.ds-logs-snare_data-default-2025.11.02-000038","partial-.ds-logs-snare_data-default-2025.10.17-000004","partial-.ds-logs-snare_data-default-2025.11.24-000082","partial-.ds-logs-snare_data-default-2025.11.14-000062","partial-.ds-logs-snare_data-default-2025.11.30-000094","partial-.ds-logs-snare_data-default-2025.10.27-000026","partial-.ds-logs-snare_data-default-2025.12.16-000126","partial-.ds-logs-snare_data-default-2025.10.19-000010","partial-.ds-logs-snare_data-default-2025.12.14-000122","partial-.ds-logs-snare_data-default-2025.11.04-000042","partial-.ds-logs-snare_data-default-2025.12.06-000106"],"data_streams":["logs-snare_data-default"],"composable_templates":["logs-snare_data","logs-shodan.monitor"]}},"ilm-history-ilm-policy":{"version":1,"modified_date":"2025-09-04T13:10:20.841Z","policy":{"phases":{"hot":{"min_age":"0ms","actions":{"forcemerge":{"max_num_segments":1},"rollover":{"max_age":"30d","max_primary_shard_size":"50gb"}}},"delete":{"min_age":"90d","actions":{"delete":{"delete_searchable_snapshot":true}}}},"_meta":{"description":"default policy for the ILM history indices","managed":true}},"in_use_by":{"indices":[],"data_streams":[],"composable_templates":[]}},"kibana-reporting":{"version":1,"modified_date":"2025-09-08T15:35:17.804Z","policy":{"phases":{"hot":{"min_age":"0ms","actions":{}}}},"in_use_by":{"indices":[".ds-.kibana-reporting-2025.09.26-000001"],"data_streams":[".kibana-reporting"],"composable_templates":[".kibana-reporting"]}},"logs":{"version":1,"modified_date":"2025-09-04T13:10:20.839Z","policy":{"phases":{"hot":{"min_age":"0ms","actions":{"rollover":{"max_age":"30d","max_primary_shard_size":"50gb"}}}},"_meta":{"description":"default policy for the logs index template installed by x-pack","managed":true},"deprecated":true},"in_use_by":{"indices":[".ds-logs-elastic_agent.metricbeat-default-2025.09.24-000003",".ds-logs-azure.identity_protection-default-2025.10.29-000001",".ds-logs-endpoint.events.file-default-2025.12.12-000002",".ds-logs-azure.signinlogs-default-2025.10.29-000001",".ds-logs-azure.events-default-2025.10.22-000001",".ds-logs-checkpoint_harmony_endpoint.threatemulation-default-2025.10.30-000002",".ds-logs-rapid7_insightvm.vulnerability-default-2025.09.26-000001",".ds-logs-network_devices-default-2025.11.18-000002",".ds-logs-checkpoint_harmony_endpoint.forensics-default-2025.10.30-000002",".ds-logs-system.auth-default-2025.12.23-000005",".ds-logs-checkpoint.firewall-default-2025.11.07-000004",".ds-logs-esxi-default-2025.12.18-000002",".ds-logs-checkpoint_harmony_endpoint.threatemulation-default-2025.11.29-000003",".ds-logs-system.auth-default-2025.11.23-000004",".ds-logs-checkpoint.firewall-default-2025.11.03-000003",".ds-logs-azure.identity_protection-default-2025.11.28-000002",".ds-logs-elastic_agent.endpoint_security-default-2025.11.12-000001",".ds-logs-checkpoint_harmony_endpoint.antibot-default-2025.09.30-000001",".ds-logs-system.syslog-default-2025.09.15-000001",".ds-logs-elastic_agent.fleet_server-default-2025.12.23-000006",".ds-logs-azure.events-default-2025.11.21-000002",".ds-logs-elastic_agent.filebeat-default-2025.12.05-000013",".ds-logs-endpoint.events.file-default-2025.11.12-000001",".ds-logs-elastic_agent.filebeat-default-2025.12.07-000015",".ds-logs-endpoint.events.network-default-2025.11.12-000001",".ds-logs-udp.generic-default-2025.11.13-000001",".ds-logs-checkpoint_harmony_endpoint.threatextraction-default-2025.10.30-000002",".ds-logs-elastic_agent.filebeat-default-2025.12.01-000011",".ds-logs-checkpoint_harmony_endpoint.zerophishing-default-2025.11.29-000003",".ds-logs-cisco_ios.log-default-2025.11.20-000002",".ds-logs-network_devices-default-2025.10.19-000001",".ds-logs-checkpoint_harmony_endpoint.forensics-default-2025.11.29-000003",".ds-logs-esxi-default-2025.11.18-000001",".ds-logs-azure.platformlogs-default-2025.10.22-000001",".ds-logs-elastic_agent.filebeat-default-2025.09.18-000002",".ds-logs-proofpoint_tap.message_blocked-default-2025.11.29-000003",".ds-logs-elastic_agent.fleet_server-default-2025.09.24-000003",".ds-logs-elastic_agent.filebeat-default-2025.09.15-000001",".ds-logs-elastic_agent.endpoint_security-default-2025.12.12-000002",".ds-logs-f5_data-default-2025.12.10-000002",".ds-logs-azure.auditlogs-default-2025.10.29-000001",".ds-logs-system.auth-default-2025.10.24-000003",".ds-logs-elastic_agent-default-2025.09.15-000001",".ds-logs-azure.provisioning-default-2025.11.28-000002",".ds-logs-elastic_agent.metricbeat-default-2025.11.23-000005",".ds-logs-azure.events-default-2025.12.21-000003",".ds-logs-elastic_agent.fleet_server-default-2025.10.24-000004",".ds-logs-endpoint.events.network-default-2025.12.12-000002",".ds-logs-checkpoint_harmony_endpoint.urlfiltering-default-2025.09.30-000001",".ds-logs-checkpoint_harmony_endpoint.zerophishing-default-2025.10.30-000002",".ds-logs-network_eqipment-default-2025.12.15-000002",".ds-logs-checkpoint_harmony_endpoint.zerophishing-default-2025.09.30-000001",".ds-logs-cisco_ios.log-default-2025.10.21-000001",".ds-logs-checkpoint.firewall-default-2025.12.12-000010",".ds-logs-checkpoint_harmony_endpoint.threatextraction-default-2025.11.29-000003",".ds-logs-azure.signinlogs-default-2025.11.28-000002",".ds-logs-checkpoint_harmony_endpoint.antibot-default-2025.11.29-000003",".ds-logs-checkpoint.firewall-default-2025.11.17-000006",".ds-logs-azure.provisioning-default-2025.10.29-000001",".ds-logs-checkpoint_harmony_endpoint.antibot-default-2025.10.30-000002",".ds-logs-system.auth-default-2025.09.15-000001",".ds-logs-elastic_agent.fleet_server-default-2025.11.23-000005",".ds-logs-elastic_agent.filebeat-default-2025.11.25-000006",".ds-logs-elastic_agent.filebeat-default-2025.12.06-000014",".ds-logs-shodan.monitor-default-2025.09.23-000002",".ds-logs-elastic_agent.filebeat-default-2025.11.29-000009",".ds-logs-elastic_agent.metricbeat-default-2025.10.24-000004",".ds-logs-elastic_agent.filebeat-default-2025.12.02-000012",".ds-.logs-endpoint.action.responses-default-2025.11.12-000001",".ds-logs-proofpoint_tap.message_delivered-default-2025.11.29-000003",".ds-logs-proofpoint_tap.message_blocked-default-2025.10.30-000002",".ds-logs-checkpoint.firewall-default-2025.11.28-000008",".ds-logs-elastic_agent.fleet_server-default-2025.09.15-000001",".ds-logs-checkpoint.firewall-default-2025.10.24-000001",".ds-logs-shodan.monitor-default-2025.12.22-000006",".ds-logs-vsphere.log-default-2025.12.19-000002",".ds-logs-endpoint.events.process-default-2025.12.12-000002",".ds-logs-checkpoint.firewall-default-2025.10.29-000002",".ds-logs-azure.platformlogs-default-2025.12.21-000003",".ds-logs-system.syslog-default-2025.10.24-000003",".ds-logs-azure.eventhub-default-2025.11.21-000002",".ds-logs-elastic_agent.filebeat-default-2025.10.24-000004",".ds-logs-elastic_agent-default-2025.09.26-000003",".ds-logs-proofpoint_tap.message_delivered-default-2025.09.30-000001",".ds-logs-elastic_agent.filebeat-default-2025.09.24-000003",".ds-logs-elastic_agent.fleet_server-default-2025.09.18-000002",".ds-logs-o365.audit-default-2025.12.07-000003",".ds-logs-proofpoint_tap.message_delivered-default-2025.10.30-000002",".ds-logs-azure.platformlogs-default-2025.11.21-000002",".ds-logs-system.syslog-default-2025.11.23-000004",".ds-logs-checkpoint.firewall-default-2025.11.12-000005",".ds-logs-elastic_agent-default-2025.10.26-000004",".ds-logs-system.syslog-default-2025.09.24-000002",".ds-logs-shodan.monitor-default-2025.11.22-000005",".ds-logs-vsphere.log-default-2025.11.19-000001",".ds-logs-azure.eventhub-default-2025.10.22-000001",".ds-logs-elastic_agent.filebeat-default-2025.11.26-000007",".ds-logs-checkpoint.firewall-default-2025.12.17-000011",".ds-.logs-endpoint.actions-default-2025.09.17-000001",".ds-logs-elastic_agent-default-2025.11.25-000005",".ds-logs-checkpoint_harmony_endpoint.antimalware-default-2025.09.30-000001",".ds-logs-elastic_agent.filebeat-default-2025.11.13-000005",".ds-logs-proofpoint_tap.message_blocked-default-2025.09.30-000001",".ds-logs-checkpoint.firewall-default-2025.12.22-000012",".ds-logs-azure.auditlogs-default-2025.11.28-000002",".ds-logs-o365.audit-default-2025.10.08-000001",".ds-logs-elastic_agent.metricbeat-default-2025.09.15-000001",".ds-logs-checkpoint.firewall-default-2025.12.06-000009",".ds-logs-rapid7_insightvm.vulnerability-default-2025.11.25-000003",".ds-logs-shodan.monitor-default-2025.10.23-000004",".ds-logs-checkpoint_harmony_endpoint.urlfiltering-default-2025.10.30-000002",".ds-logs-elastic_agent-default-2025.09.18-000002",".ds-logs-checkpoint_harmony_endpoint.antimalware-default-2025.11.29-000003",".ds-logs-elastic_agent.metricbeat-default-2025.12.23-000006",".ds-logs-checkpoint_harmony_endpoint.forensics-default-2025.09.30-000001",".ds-logs-elastic_agent.filebeat-default-2025.11.30-000010",".ds-logs-o365.audit-default-2025.11.07-000002",".ds-logs-checkpoint_harmony_endpoint.threatemulation-default-2025.09.30-000001",".ds-logs-f5_data-default-2025.11.10-000001",".ds-logs-system.auth-default-2025.09.24-000002",".ds-logs-rapid7_insightvm.vulnerability-default-2025.10.26-000002",".ds-logs-checkpoint_harmony_endpoint.threatextraction-default-2025.09.30-000001",".ds-logs-endpoint.events.process-default-2025.11.12-000001",".ds-logs-elastic_agent.filebeat-default-2025.12.15-000017",".ds-logs-udp.generic-default-2025.12.13-000002",".ds-logs-elastic_agent.filebeat-default-2025.11.27-000008",".ds-logs-network_eqipment-default-2025.11.15-000001",".ds-logs-elastic_agent.metricbeat-default-2025.09.18-000002",".ds-logs-checkpoint.firewall-default-2025.11.22-000007",".ds-logs-checkpoint_harmony_endpoint.urlfiltering-default-2025.11.29-000003",".ds-logs-elastic_agent.filebeat-default-2025.12.08-000016",".ds-logs-checkpoint_harmony_endpoint.antimalware-default-2025.10.30-000002",".ds-logs-system.syslog-default-2025.12.23-000005"],"data_streams":["logs-rapid7_insightvm.vulnerability-default","logs-udp.generic-default","logs-elastic_agent.metricbeat-default","logs-endpoint.events.file-default",".logs-endpoint.action.responses-default","logs-azure.auditlogs-default","logs-vsphere.log-default","logs-endpoint.events.network-default",".logs-endpoint.actions-default","logs-elastic_agent.endpoint_security-default","logs-o365.audit-default","logs-proofpoint_tap.message_delivered-default","logs-checkpoint_harmony_endpoint.threatextraction-default","logs-shodan.monitor-default","logs-azure.events-default","logs-f5_data-default","logs-azure.signinlogs-default","logs-system.syslog-default","logs-elastic_agent.fleet_server-default","logs-azure.platformlogs-default","logs-esxi-default","logs-checkpoint_harmony_endpoint.forensics-default","logs-proofpoint_tap.message_blocked-default","logs-azure.identity_protection-default","logs-endpoint.events.process-default","logs-network_eqipment-default","logs-elastic_agent.filebeat-default","logs-azure.provisioning-default","logs-checkpoint_harmony_endpoint.urlfiltering-default","logs-checkpoint_harmony_endpoint.zerophishing-default","logs-checkpoint.firewall-default","logs-checkpoint_harmony_endpoint.antibot-default","logs-cisco_ios.log-default","logs-elastic_agent-default","logs-checkpoint_harmony_endpoint.threatemulation-default","logs-checkpoint_harmony_endpoint.antimalware-default","logs-system.auth-default","logs-network_devices-default","logs-azure.eventhub-default"],"composable_templates":["logs-ti_rapid7_threat_command.vulnerability",".logs-endpoint.actions","logs-tcp.generic","logs-elastic_agent.pf_host_agent","logs-checkpoint_harmony_endpoint.urlfiltering","logs-azure.signinlogs","logs-elasticsearch.deprecation","logs-elastic_agent.filebeat_input","logs-azure.springcloudlogs","logs-elastic_agent.fleet_server","logs-system.system","logs-checkpoint_harmony_endpoint.forensics","logs-azure.eventhub","logs-elastic_agent.osquerybeat","logs-rapid7_insightvm.asset_vulnerability","logs-endpoint.events.security","logs-elasticsearch.audit","logs-otel@template","logs-elastic_agent.auditbeat","logs-network_equipment","logs","logs-endpoint.events.network","logs-endpoint.events.process","logs-elastic_agent.cloudbeat",".logs-endpoint.heartbeat","logs-cisco_nexus.log","logs-elastic_agent.apm_server","logs-network_devices","logs-system.auth","logs-elastic_agent.packetbeat","logs-f5_data","logs-rapid7_insightvm.vulnerability","logs-vsphere.log","logs-elastic_agent.endpoint_security","logs-elastic_agent.pf_elastic_symbolizer","logs-checkpoint_harmony_endpoint.threatemulation","logs-elasticsearch.server","logs-vmware_esxi","logs-elastic_agent.heartbeat","logs-azure.application_gateway","logs-endpoint.alerts","logs-azure.provisioning","logs-elastic_agent","logs-filestream.generic","logs-rapid7_insightvm.asset","logs-network_eqipment","logs-elastic_agent.cloud_defend","logs-azure.firewall_logs","logs-o365.audit","logs-elastic_agent.metricbeat","logs-elasticsearch.slowlog","logs-azure.graphactivitylogs",".logs-endpoint.action.responses","logs-system.application","logs-udp.generic","logs-azure.events","logs-azure.auditlogs","logs-endpoint.events.registry","logs-elasticsearch.gc","logs-azure.identity_protection","logs-elastic_agent.pf_elastic_collector","logs-checkpoint.firewall","logs-cisco_ios.log","logs-ti_rapid7_threat_command.alert","logs-checkpoint_harmony_endpoint.antimalware","logs-system.security","logs-checkpoint_harmony_endpoint.threatextraction","logs-elastic_agent.filebeat","logs-azure.platformlogs","logs-endpoint.events.library","logs-f5_bigip.log","logs-proofpoint_tap.clicks_blocked","logs-esxi","logs-endpoint.events.api","logs-system.syslog","logs-azure.activitylogs","logs-proofpoint_tap.message_blocked","logs-checkpoint_harmony_endpoint.zerophishing","logs-endpoint.events.file","logs-checkpoint_harmony_endpoint.antibot","logs-proofpoint_tap.clicks_permitted","logs-proofpoint_tap.message_delivered"]}},"logs-apm.app_logs-default_policy":{"version":1,"modified_date":"2025-09-04T13:10:20.842Z","policy":{"phases":{"hot":{"min_age":"0ms","actions":{"rollover":{"max_age":"30d","max_primary_shard_size":"50gb"},"set_priority":{"priority":100}}},"delete":{"min_age":"10d","actions":{"delete":{"delete_searchable_snapshot":true}}}},"_meta":{"description":"Default ILM policy for APM managed datastreams","managed":true}},"in_use_by":{"indices":[],"data_streams":[],"composable_templates":["logs-apm.app@template"]}},"logs-apm.error_logs-default_policy":{"version":1,"modified_date":"2025-09-04T13:10:20.842Z","policy":{"phases":{"hot":{"min_age":"0ms","actions":{"rollover":{"max_age":"30d","max_primary_shard_size":"50gb"},"set_priority":{"priority":100}}},"delete":{"min_age":"10d","actions":{"delete":{"delete_searchable_snapshot":true}}}},"_meta":{"description":"Default ILM policy for APM managed datastreams","managed":true}},"in_use_by":{"indices":[],"data_streams":[],"composable_templates":["logs-apm.error@template"]}},"logs-elastic_agent.status_change_logs-default_policy":{"version":1,"modified_date":"2025-09-24T09:11:24.080Z","policy":{"phases":{"delete":{"min_age":"90d","actions":{"delete":{"delete_searchable_snapshot":true}}}},"_meta":{"package":{"name":"elastic_agent"},"managed_by":"fleet","managed":true}},"in_use_by":{"indices":[],"data_streams":[],"composable_templates":["logs-elastic_agent.status_change"]}},"logs-endpoint.collection-diagnostic":{"version":1,"modified_date":"2025-09-16T05:03:55.286Z","policy":{"phases":{"hot":{"min_age":"0ms","actions":{"rollover":{"max_age":"7d","max_docs":10000,"max_size":"1gb"}}},"delete":{"min_age":"10m","actions":{"delete":{"delete_searchable_snapshot":true}}}},"_meta":{"package":{"name":"endpoint"},"managed_by":"fleet","managed":true}},"in_use_by":{"indices":[".ds-.logs-endpoint.diagnostic.collection-default-2025.11.12-000001"],"data_streams":[".logs-endpoint.diagnostic.collection-default"],"composable_templates":[".logs-endpoint.diagnostic.collection"]}},"logs-fleet_server.output_health_logs-default_policy":{"version":1,"modified_date":"2025-09-15T15:22:08.354Z","policy":{"phases":{"delete":{"min_age":"7d","actions":{"delete":{"delete_searchable_snapshot":true}}}},"_meta":{"package":{"name":"fleet_server"},"managed_by":"fleet","managed":true}},"in_use_by":{"indices":[],"data_streams":[],"composable_templates":["logs-fleet_server.output_health"]}},"logs-ti_rapid7_threat_command.ioc-default_policy":{"version":1,"modified_date":"2025-09-26T13:23:27.691Z","policy":{"phases":{"hot":{"min_age":"0ms","actions":{"rollover":{"max_age":"1d","max_size":"50gb"},"set_priority":{"priority":100}}},"delete":{"min_age":"4d","actions":{"delete":{"delete_searchable_snapshot":true}}}},"_meta":{"package":{"name":"ti_rapid7_threat_command"},"managed_by":"fleet","managed":true}},"in_use_by":{"indices":[],"data_streams":[],"composable_templates":["logs-ti_rapid7_threat_command.ioc"]}},"logs@lifecycle":{"version":1,"modified_date":"2025-09-04T13:10:20.840Z","policy":{"phases":{"hot":{"min_age":"0ms","actions":{"rollover":{"max_age":"30d","max_primary_shard_size":"50gb"}}}},"_meta":{"description":"default policy for the logs index template installed by x-pack","managed":true},"deprecated":false},"in_use_by":{"indices":[],"data_streams":[],"composable_templates":[]}},"metrics":{"version":1,"modified_date":"2025-09-04T13:10:20.839Z","policy":{"phases":{"hot":{"min_age":"0ms","actions":{"rollover":{"max_age":"30d","max_primary_shard_size":"50gb"}}}},"_meta":{"description":"default policy for the metrics index template installed by x-pack","managed":true},"deprecated":true},"in_use_by":{"indices":[".ds-metrics-system.fsstat-default-2025.09.24-000002",".ds-metrics-system.socket_summary-default-2025.11.23-000004",".ds-metrics-system.load-default-2025.09.24-000002",".ds-metrics-system.diskio-default-2025.09.15-000001",".ds-metrics-fleet_server.agent_versions-default-2025.09.15-000001",".ds-metrics-system.filesystem-default-2025.12.23-000005",".ds-metrics-fleet_server.agent_versions-default-2025.10.15-000002",".ds-metrics-elastic_agent.filebeat-default-2025.12.23-000005",".ds-metrics-system.uptime-default-2025.11.23-000004",".ds-metrics-elastic_agent.elastic_agent-default-2025.09.15-000001",".ds-metrics-system.memory-default-2025.09.24-000002",".ds-metrics-endpoint.metrics-default-2025.11.12-000001",".ds-metrics-system.cpu-default-2025.12.23-000005",".ds-metrics-system.process-default-2025.12.23-000005",".ds-metrics-elastic_agent.fleet_server-default-2025.09.24-000002",".ds-metrics-system.memory-default-2025.10.24-000003",".ds-metrics-system.filesystem-default-2025.11.23-000004",".ds-metrics-elastic_agent.metricbeat-default-2025.09.15-000001",".ds-metrics-endpoint.metrics-default-2025.12.12-000002",".ds-metrics-system.socket_summary-default-2025.10.24-000003",".ds-metrics-elastic_agent.fleet_server-default-2025.09.15-000001",".ds-metrics-system.uptime-default-2025.09.24-000002",".ds-metrics-endpoint.metadata-default-2025.12.12-000002",".ds-metrics-system.process.summary-default-2025.12.23-000005",".ds-metrics-elastic_agent.filebeat-default-2025.11.23-000004",".ds-metrics-system.cpu-default-2025.11.23-000004",".ds-metrics-elasticsearch.stack_monitoring.node-default-2025.11.27-000001",".ds-metrics-system.process.summary-default-2025.09.15-000001",".ds-metrics-system.fsstat-default-2025.09.15-000001",".ds-metrics-vsphere.resourcepool-default-2025.11.25-000001",".ds-metrics-system.load-default-2025.09.15-000001",".ds-metrics-fleet_server.agent_status-default-2025.09.15-000001",".ds-metrics-system.diskio-default-2025.09.24-000002",".ds-metrics-endpoint.metadata-default-2025.11.12-000001",".ds-metrics-system.network-default-2025.12.23-000005",".ds-metrics-system.fsstat-default-2025.11.23-000004",".ds-metrics-system.network-default-2025.11.23-000004",".ds-metrics-fleet_server.agent_versions-default-2025.12.14-000004",".ds-metrics-system.load-default-2025.12.23-000005",".ds-metrics-elastic_agent.elastic_agent-default-2025.10.24-000003",".ds-metrics-system.cpu-default-2025.09.24-000002",".ds-metrics-fleet_server.agent_status-default-2025.10.15-000002",".ds-metrics-elastic_agent.filebeat-default-2025.09.15-000001",".ds-metrics-system.uptime-default-2025.10.24-000003",".ds-metrics-system.diskio-default-2025.10.24-000003",".ds-metrics-system.memory-default-2025.09.15-000001",".ds-metrics-system.fsstat-default-2025.10.24-000003",".ds-metrics-elasticsearch.stack_monitoring.node_stats-default-2025.11.27-000001",".ds-metrics-system.socket_summary-default-2025.09.15-000001",".ds-metrics-system.filesystem-default-2025.09.15-000001",".ds-metrics-vsphere.network-default-2025.11.25-000001",".ds-metrics-system.network-default-2025.09.24-000002",".ds-metrics-elastic_agent.metricbeat-default-2025.12.23-000005",".ds-metrics-system.process.summary-default-2025.09.24-000002",".ds-metrics-elastic_agent.elastic_agent-default-2025.11.23-000004",".ds-metrics-fleet_server.agent_status-default-2025.11.14-000003",".ds-metrics-system.diskio-default-2025.11.23-000004",".ds-metrics-vsphere.datastorecluster-default-2025.11.25-000001",".ds-metrics-elastic_agent.endpoint_security-default-2025.12.12-000002",".ds-metrics-system.process-default-2025.09.15-000001",".ds-metrics-elastic_agent.filebeat_input-default-2025.11.14-000003",".ds-metrics-elastic_agent.fleet_server-default-2025.12.23-000005",".ds-metrics-vsphere.virtualmachine-default-2025.11.25-000001",".ds-metrics-system.memory-default-2025.12.23-000005",".ds-metrics-elastic_agent.metricbeat-default-2025.11.23-000004",".ds-metrics-system.diskio-default-2025.12.23-000005",".ds-metrics-fleet_server.agent_status-default-2025.12.14-000004",".ds-metrics-system.uptime-default-2025.09.15-000001",".ds-metrics-elastic_agent.metricbeat-default-2025.09.24-000002",".ds-metrics-endpoint.policy-default-2025.12.12-000002",".ds-metrics-vsphere.cluster-default-2025.11.25-000001",".ds-metrics-elastic_agent.filebeat_input-default-2025.12.14-000004",".ds-metrics-system.cpu-default-2025.10.24-000003",".ds-metrics-elastic_agent.filebeat-default-2025.10.24-000003",".ds-metrics-system.process.summary-default-2025.10.24-000003",".ds-metrics-elastic_agent.filebeat_input-default-2025.10.15-000002",".ds-metrics-system.network-default-2025.10.24-000003",".ds-metrics-vsphere.host-default-2025.11.25-000001",".ds-metrics-system.filesystem-default-2025.10.24-000003",".ds-metrics-vsphere.datastore-default-2025.11.25-000001",".ds-metrics-system.memory-default-2025.11.23-000004",".ds-metrics-elastic_agent.filebeat_input-default-2025.09.15-000001",".ds-metrics-elasticsearch.ingest_pipeline-default-2025.11.27-000001",".ds-metrics-endpoint.policy-default-2025.11.12-000001",".ds-metrics-system.process.summary-default-2025.11.23-000004",".ds-metrics-system.process-default-2025.09.24-000002",".ds-metrics-elastic_agent.fleet_server-default-2025.10.24-000003",".ds-metrics-system.socket_summary-default-2025.12.23-000005",".ds-metrics-elastic_agent.elastic_agent-default-2025.09.24-000002",".ds-metrics-elastic_agent.endpoint_security-default-2025.11.12-000001",".ds-metrics-elastic_agent.elastic_agent-default-2025.12.23-000005",".ds-metrics-fleet_server.agent_versions-default-2025.11.14-000003",".ds-metrics-system.process-default-2025.10.24-000003",".ds-metrics-system.load-default-2025.10.24-000003",".ds-metrics-elastic_agent.metricbeat-default-2025.10.24-000003",".ds-metrics-system.socket_summary-default-2025.09.24-000002",".ds-metrics-elastic_agent.filebeat-default-2025.09.24-000002",".ds-metrics-system.fsstat-default-2025.12.23-000005",".ds-metrics-system.cpu-default-2025.09.15-000001",".ds-metrics-system.uptime-default-2025.12.23-000005",".ds-metrics-elastic_agent.fleet_server-default-2025.11.23-000004",".ds-metrics-system.network-default-2025.09.15-000001",".ds-metrics-system.filesystem-default-2025.09.24-000002",".ds-metrics-system.load-default-2025.11.23-000004",".ds-metrics-system.process-default-2025.11.23-000004",".ds-metrics-elasticsearch.stack_monitoring.cluster_stats-default-2025.11.27-000001"],"data_streams":["metrics-elasticsearch.stack_monitoring.node-default","metrics-endpoint.policy-default","metrics-endpoint.metrics-default","metrics-vsphere.datastorecluster-default","metrics-vsphere.network-default","metrics-endpoint.metadata-default","metrics-elasticsearch.stack_monitoring.node_stats-default","metrics-elastic_agent.fleet_server-default","metrics-elastic_agent.metricbeat-default","metrics-system.fsstat-default","metrics-system.diskio-default","metrics-vsphere.cluster-default","metrics-elastic_agent.filebeat_input-default","metrics-system.filesystem-default","metrics-system.cpu-default","metrics-fleet_server.agent_status-default","metrics-system.process.summary-default","metrics-elastic_agent.endpoint_security-default","metrics-vsphere.virtualmachine-default","metrics-elasticsearch.ingest_pipeline-default","metrics-system.memory-default","metrics-system.uptime-default","metrics-vsphere.host-default","metrics-elastic_agent.elastic_agent-default","metrics-system.process-default","metrics-fleet_server.agent_versions-default","metrics-elastic_agent.filebeat-default","metrics-system.network-default","metrics-elasticsearch.stack_monitoring.cluster_stats-default","metrics-system.load-default","metrics-vsphere.datastore-default","metrics-vsphere.resourcepool-default","metrics-system.socket_summary-default"],"composable_templates":["metrics-elasticsearch.stack_monitoring.index_summary","metrics-elasticsearch.stack_monitoring.shard","metrics-elastic_agent.packetbeat","metrics-elasticsearch.stack_monitoring.node_stats","metrics-elasticsearch.stack_monitoring.cluster_stats","metrics-elastic_agent.apm_server","metrics-endpoint.metadata","metrics-system.memory","metrics-vsphere.host","metrics-elasticsearch.stack_monitoring.pending_tasks","metrics-service_transaction.10m.otel@template","metrics-endpoint.metrics","metrics-transaction.10m.otel@template","metrics-elasticsearch.stack_monitoring.node","metrics-system.load","metrics-vsphere.datastorecluster","metrics-vsphere.resourcepool","metrics-elasticsearch.stack_monitoring.ml_job","metrics-system.uptime","metrics-elastic_agent.heartbeat","metrics-service_summary.60m.otel@template","metrics-service_destination.1m@template","metrics-service_destination.10m@template","metrics-system.network","metrics-vsphere.virtualmachine","metrics","metrics-elasticsearch.stack_monitoring.index","metrics-system.process","metrics-system.fsstat","metrics-elastic_agent.osquerybeat","metrics-otel@template","metrics-elastic_agent.endpoint_security","metrics-elasticsearch.ingest_pipeline","metrics-system.socket_summary","metrics-elastic_agent.elastic_agent","metrics-elastic_agent.fleet_server","metrics-vsphere.datastore","metrics-system.core","metrics-fleet_server.agent_status","metrics-elastic_agent.filebeat","metrics-service_summary.1m.otel@template","metrics-elastic_agent.filebeat_input","metrics-fleet_server.agent_versions","metrics-service_transaction.60m.otel@template","metrics-system.process.summary","metrics-system.cpu","metrics-system.diskio","metrics-vsphere.cluster","metrics-elasticsearch.stack_monitoring.ccr","metrics-elasticsearch.stack_monitoring.index_recovery","metrics-endpoint.policy","metrics-elastic_agent.cloudbeat","metrics-vsphere.network","metrics-elasticsearch.stack_monitoring.enrich","metrics-service_summary.10m.otel@template","metrics-transaction.60m.otel@template","metrics-elastic_agent.metricbeat","metrics-transaction.1m.otel@template","metrics-elastic_agent.auditbeat","metrics-service_transaction.1m.otel@template","metrics-service_destination.60m@template","metrics-system.filesystem"]}},"metrics-apm.app_metrics-default_policy":{"version":1,"modified_date":"2025-09-04T13:10:20.843Z","policy":{"phases":{"hot":{"min_age":"0ms","actions":{"rollover":{"max_age":"30d","max_primary_shard_size":"50gb"},"set_priority":{"priority":100}}},"delete":{"min_age":"90d","actions":{"delete":{"delete_searchable_snapshot":true}}}},"_meta":{"description":"Default ILM policy for APM managed datastreams","managed":true}},"in_use_by":{"indices":[],"data_streams":[],"composable_templates":["metrics-apm.app@template"]}},"metrics-apm.internal_metrics-default_policy":{"version":1,"modified_date":"2025-09-04T13:10:20.843Z","policy":{"phases":{"hot":{"min_age":"0ms","actions":{"rollover":{"max_age":"30d","max_primary_shard_size":"50gb"},"set_priority":{"priority":100}}},"delete":{"min_age":"90d","actions":{"delete":{"delete_searchable_snapshot":true}}}},"_meta":{"description":"Default ILM policy for APM managed datastreams","managed":true}},"in_use_by":{"indices":[],"data_streams":[],"composable_templates":["metrics-apm.internal@template"]}},"metrics-apm.service_destination_10m_metrics-default_policy":{"version":1,"modified_date":"2025-09-04T13:10:20.843Z","policy":{"phases":{"hot":{"min_age":"0ms","actions":{"rollover":{"max_age":"14d","max_primary_shard_size":"50gb"},"set_priority":{"priority":100}}},"delete":{"min_age":"180d","actions":{"delete":{"delete_searchable_snapshot":true}}}},"_meta":{"description":"Default ILM policy for APM managed datastreams","managed":true}},"in_use_by":{"indices":[],"data_streams":[],"composable_templates":["metrics-apm.service_destination.10m@template"]}},"metrics-apm.service_destination_1m_metrics-default_policy":{"version":1,"modified_date":"2025-09-04T13:10:20.843Z","policy":{"phases":{"hot":{"min_age":"0ms","actions":{"rollover":{"max_age":"7d","max_primary_shard_size":"50gb"},"set_priority":{"priority":100}}},"delete":{"min_age":"90d","actions":{"delete":{"delete_searchable_snapshot":true}}}},"_meta":{"description":"Default ILM policy for APM managed datastreams","managed":true}},"in_use_by":{"indices":[],"data_streams":[],"composable_templates":["metrics-apm.service_destination.1m@template"]}},"metrics-apm.service_destination_60m_metrics-default_policy":{"version":1,"modified_date":"2025-09-04T13:10:20.843Z","policy":{"phases":{"hot":{"min_age":"0ms","actions":{"rollover":{"max_age":"30d","max_primary_shard_size":"50gb"},"set_priority":{"priority":100}}},"delete":{"min_age":"390d","actions":{"delete":{"delete_searchable_snapshot":true}}}},"_meta":{"description":"Default ILM policy for APM managed datastreams","managed":true}},"in_use_by":{"indices":[],"data_streams":[],"composable_templates":["metrics-apm.service_destination.60m@template"]}},"metrics-apm.service_summary_10m_metrics-default_policy":{"version":1,"modified_date":"2025-09-04T13:10:20.843Z","policy":{"phases":{"hot":{"min_age":"0ms","actions":{"rollover":{"max_age":"14d","max_primary_shard_size":"50gb"},"set_priority":{"priority":100}}},"delete":{"min_age":"180d","actions":{"delete":{"delete_searchable_snapshot":true}}}},"_meta":{"description":"Default ILM policy for APM managed datastreams","managed":true}},"in_use_by":{"indices":[],"data_streams":[],"composable_templates":["metrics-apm.service_summary.10m@template"]}},"metrics-apm.service_summary_1m_metrics-default_policy":{"version":1,"modified_date":"2025-09-04T13:10:20.843Z","policy":{"phases":{"hot":{"min_age":"0ms","actions":{"rollover":{"max_age":"7d","max_primary_shard_size":"50gb"},"set_priority":{"priority":100}}},"delete":{"min_age":"90d","actions":{"delete":{"delete_searchable_snapshot":true}}}},"_meta":{"description":"Default ILM policy for APM managed datastreams","managed":true}},"in_use_by":{"indices":[],"data_streams":[],"composable_templates":["metrics-apm.service_summary.1m@template"]}},"metrics-apm.service_summary_60m_metrics-default_policy":{"version":1,"modified_date":"2025-09-04T13:10:20.843Z","policy":{"phases":{"hot":{"min_age":"0ms","actions":{"rollover":{"max_age":"30d","max_primary_shard_size":"50gb"},"set_priority":{"priority":100}}},"delete":{"min_age":"390d","actions":{"delete":{"delete_searchable_snapshot":true}}}},"_meta":{"description":"Default ILM policy for APM managed datastreams","managed":true}},"in_use_by":{"indices":[],"data_streams":[],"composable_templates":["metrics-apm.service_summary.60m@template"]}},"metrics-apm.service_transaction_10m_metrics-default_policy":{"version":1,"modified_date":"2025-09-04T13:10:20.844Z","policy":{"phases":{"hot":{"min_age":"0ms","actions":{"rollover":{"max_age":"14d","max_primary_shard_size":"50gb"},"set_priority":{"priority":100}}},"delete":{"min_age":"180d","actions":{"delete":{"delete_searchable_snapshot":true}}}},"_meta":{"description":"Default ILM policy for APM managed datastreams","managed":true}},"in_use_by":{"indices":[],"data_streams":[],"composable_templates":["metrics-apm.service_transaction.10m@template"]}},"metrics-apm.service_transaction_1m_metrics-default_policy":{"version":1,"modified_date":"2025-09-04T13:10:20.843Z","policy":{"phases":{"hot":{"min_age":"0ms","actions":{"rollover":{"max_age":"7d","max_primary_shard_size":"50gb"},"set_priority":{"priority":100}}},"delete":{"min_age":"90d","actions":{"delete":{"delete_searchable_snapshot":true}}}},"_meta":{"description":"Default ILM policy for APM managed datastreams","managed":true}},"in_use_by":{"indices":[],"data_streams":[],"composable_templates":["metrics-apm.service_transaction.1m@template"]}},"metrics-apm.service_transaction_60m_metrics-default_policy":{"version":1,"modified_date":"2025-09-04T13:10:20.844Z","policy":{"phases":{"hot":{"min_age":"0ms","actions":{"rollover":{"max_age":"30d","max_primary_shard_size":"50gb"},"set_priority":{"priority":100}}},"delete":{"min_age":"390d","actions":{"delete":{"delete_searchable_snapshot":true}}}},"_meta":{"description":"Default ILM policy for APM managed datastreams","managed":true}},"in_use_by":{"indices":[],"data_streams":[],"composable_templates":["metrics-apm.service_transaction.60m@template"]}},"metrics-apm.transaction_10m_metrics-default_policy":{"version":1,"modified_date":"2025-09-04T13:10:20.844Z","policy":{"phases":{"hot":{"min_age":"0ms","actions":{"rollover":{"max_age":"14d","max_primary_shard_size":"50gb"},"set_priority":{"priority":100}}},"delete":{"min_age":"180d","actions":{"delete":{"delete_searchable_snapshot":true}}}},"_meta":{"description":"Default ILM policy for APM managed datastreams","managed":true}},"in_use_by":{"indices":[],"data_streams":[],"composable_templates":["metrics-apm.transaction.10m@template"]}},"metrics-apm.transaction_1m_metrics-default_policy":{"version":1,"modified_date":"2025-09-04T13:10:20.844Z","policy":{"phases":{"hot":{"min_age":"0ms","actions":{"rollover":{"max_age":"7d","max_primary_shard_size":"50gb"},"set_priority":{"priority":100}}},"delete":{"min_age":"90d","actions":{"delete":{"delete_searchable_snapshot":true}}}},"_meta":{"description":"Default ILM policy for APM managed datastreams","managed":true}},"in_use_by":{"indices":[],"data_streams":[],"composable_templates":["metrics-apm.transaction.1m@template"]}},"metrics-apm.transaction_60m_metrics-default_policy":{"version":1,"modified_date":"2025-09-04T13:10:20.844Z","policy":{"phases":{"hot":{"min_age":"0ms","actions":{"rollover":{"max_age":"30d","max_primary_shard_size":"50gb"},"set_priority":{"priority":100}}},"delete":{"min_age":"390d","actions":{"delete":{"delete_searchable_snapshot":true}}}},"_meta":{"description":"Default ILM policy for APM managed datastreams","managed":true}},"in_use_by":{"indices":[],"data_streams":[],"composable_templates":["metrics-apm.transaction.60m@template"]}},"metrics@lifecycle":{"version":1,"modified_date":"2025-09-04T13:10:20.840Z","policy":{"phases":{"hot":{"min_age":"0ms","actions":{"rollover":{"max_age":"30d","max_primary_shard_size":"50gb"}}}},"_meta":{"description":"default policy for the metrics index template installed by x-pack","managed":true},"deprecated":false},"in_use_by":{"indices":[],"data_streams":[],"composable_templates":[]}},"ml-size-based-ilm-policy":{"version":1,"modified_date":"2025-09-04T13:10:20.839Z","policy":{"phases":{"hot":{"min_age":"0ms","actions":{"rollover":{"max_primary_shard_size":"50gb"}}}},"_meta":{"description":"default policy for machine learning state and stats indices","managed":true}},"in_use_by":{"indices":[".ml-state-000001"],"data_streams":[],"composable_templates":[".ml-state",".ml-stats"]}},"slm-history-ilm-policy":{"version":1,"modified_date":"2025-09-04T13:10:20.841Z","policy":{"phases":{"hot":{"min_age":"0ms","actions":{"forcemerge":{"max_num_segments":1},"rollover":{"max_age":"30d","max_primary_shard_size":"50gb"}}},"delete":{"min_age":"90d","actions":{"delete":{"delete_searchable_snapshot":true}}}},"_meta":{"description":"default policy for the SLM history indices","managed":true}},"in_use_by":{"indices":[],"data_streams":[],"composable_templates":[]}},"synthetics":{"version":1,"modified_date":"2025-09-04T13:10:20.839Z","policy":{"phases":{"hot":{"min_age":"0ms","actions":{"rollover":{"max_age":"30d","max_primary_shard_size":"50gb"}}}},"_meta":{"description":"default policy for the synthetics index template installed by x-pack","managed":true},"deprecated":true},"in_use_by":{"indices":[],"data_streams":[],"composable_templates":["synthetics"]}},"synthetics-synthetics.browser-default_policy":{"version":1,"modified_date":"2025-09-15T15:12:28.185Z","policy":{"phases":{"hot":{"min_age":"0ms","actions":{"rollover":{"max_age":"30d","max_primary_shard_size":"50gb"},"set_priority":{"priority":100}}},"delete":{"min_age":"365d","actions":{"delete":{"delete_searchable_snapshot":true}}}},"_meta":{"package":{"name":"synthetics"},"managed_by":"fleet","managed":true}},"in_use_by":{"indices":[],"data_streams":[],"composable_templates":["synthetics-browser"]}},"synthetics-synthetics.browser_network-default_policy":{"version":1,"modified_date":"2025-09-15T15:12:28.185Z","policy":{"phases":{"hot":{"min_age":"0ms","actions":{"rollover":{"max_age":"1d","max_primary_shard_size":"50gb"},"set_priority":{"priority":100}}},"delete":{"min_age":"14d","actions":{"delete":{"delete_searchable_snapshot":true}}}},"_meta":{"package":{"name":"synthetics"},"managed_by":"fleet","managed":true}},"in_use_by":{"indices":[],"data_streams":[],"composable_templates":["synthetics-browser.network"]}},"synthetics-synthetics.browser_screenshot-default_policy":{"version":1,"modified_date":"2025-09-15T15:12:28.222Z","policy":{"phases":{"hot":{"min_age":"0ms","actions":{"rollover":{"max_age":"1d","max_primary_shard_size":"50gb"},"set_priority":{"priority":100}}},"delete":{"min_age":"14d","actions":{"delete":{"delete_searchable_snapshot":true}}}},"_meta":{"package":{"name":"synthetics"},"managed_by":"fleet","managed":true}},"in_use_by":{"indices":[],"data_streams":[],"composable_templates":["synthetics-browser.screenshot"]}},"synthetics-synthetics.http-default_policy":{"version":1,"modified_date":"2025-09-15T15:12:28.184Z","policy":{"phases":{"hot":{"min_age":"0ms","actions":{"rollover":{"max_age":"30d","max_primary_shard_size":"50gb"},"set_priority":{"priority":100}}},"delete":{"min_age":"365d","actions":{"delete":{"delete_searchable_snapshot":true}}}},"_meta":{"package":{"name":"synthetics"},"managed_by":"fleet","managed":true}},"in_use_by":{"indices":[],"data_streams":[],"composable_templates":["synthetics-http"]}},"synthetics-synthetics.icmp-default_policy":{"version":1,"modified_date":"2025-09-15T15:12:28.222Z","policy":{"phases":{"hot":{"min_age":"0ms","actions":{"rollover":{"max_age":"30d","max_primary_shard_size":"50gb"},"set_priority":{"priority":100}}},"delete":{"min_age":"365d","actions":{"delete":{"delete_searchable_snapshot":true}}}},"_meta":{"package":{"name":"synthetics"},"managed_by":"fleet","managed":true}},"in_use_by":{"indices":[],"data_streams":[],"composable_templates":["synthetics-icmp"]}},"synthetics-synthetics.tcp-default_policy":{"version":1,"modified_date":"2025-09-15T15:12:28.222Z","policy":{"phases":{"hot":{"min_age":"0ms","actions":{"rollover":{"max_age":"30d","max_primary_shard_size":"50gb"},"set_priority":{"priority":100}}},"delete":{"min_age":"365d","actions":{"delete":{"delete_searchable_snapshot":true}}}},"_meta":{"package":{"name":"synthetics"},"managed_by":"fleet","managed":true}},"in_use_by":{"indices":[],"data_streams":[],"composable_templates":["synthetics-tcp"]}},"synthetics@lifecycle":{"version":1,"modified_date":"2025-09-04T13:10:20.840Z","policy":{"phases":{"hot":{"min_age":"0ms","actions":{"rollover":{"max_age":"30d","max_primary_shard_size":"50gb"}}}},"_meta":{"description":"default policy for the synthetics index template installed by x-pack","managed":true},"deprecated":false},"in_use_by":{"indices":[],"data_streams":[],"composable_templates":[]}},"traces-apm.rum_traces-default_policy":{"version":1,"modified_date":"2025-09-04T13:10:20.844Z","policy":{"phases":{"hot":{"min_age":"0ms","actions":{"rollover":{"max_age":"30d","max_primary_shard_size":"50gb"},"set_priority":{"priority":100}}},"delete":{"min_age":"90d","actions":{"delete":{"delete_searchable_snapshot":true}}}},"_meta":{"description":"Default ILM policy for APM managed datastreams","managed":true}},"in_use_by":{"indices":[],"data_streams":[],"composable_templates":["traces-apm.rum@template"]}},"traces-apm.sampled_traces-default_policy":{"version":1,"modified_date":"2025-09-04T13:10:20.844Z","policy":{"phases":{"hot":{"min_age":"0ms","actions":{"rollover":{"max_age":"1h"}}},"delete":{"min_age":"1h","actions":{"delete":{"delete_searchable_snapshot":true}}}},"_meta":{"description":"Default ILM policy for APM managed datastreams","managed":true}},"in_use_by":{"indices":[],"data_streams":[],"composable_templates":["traces-apm.sampled@template"]}},"traces-apm.traces-default_policy":{"version":1,"modified_date":"2025-09-04T13:10:20.844Z","policy":{"phases":{"hot":{"min_age":"0ms","actions":{"rollover":{"max_age":"30d","max_primary_shard_size":"50gb"},"set_priority":{"priority":100}}},"delete":{"min_age":"10d","actions":{"delete":{"delete_searchable_snapshot":true}}}},"_meta":{"description":"Default ILM policy for APM managed datastreams","managed":true}},"in_use_by":{"indices":[],"data_streams":[],"composable_templates":["traces-apm@template"]}},"traces@lifecycle":{"version":1,"modified_date":"2025-09-04T13:10:20.840Z","policy":{"phases":{"hot":{"min_age":"0ms","actions":{"rollover":{"max_age":"30d","max_primary_shard_size":"50gb"}}}},"_meta":{"description":"default policy for the traces index template installed by x-pack","managed":true},"deprecated":false},"in_use_by":{"indices":[],"data_streams":[],"composable_templates":["traces-otel@template"]}},"watch-history-ilm-policy-16":{"version":1,"modified_date":"2025-09-04T13:10:20.841Z","policy":{"phases":{"hot":{"min_age":"0ms","actions":{"rollover":{"max_age":"3d","max_primary_shard_size":"50gb"}}},"delete":{"min_age":"4d","actions":{"delete":{"delete_searchable_snapshot":true}}}},"_meta":{"description":"default policy for the watcher history indices","managed":true}},"in_use_by":{"indices":[],"data_streams":[],"composable_templates":[".watch-history-17"]}}}