{"nodes":{"qH6PNowDS1GslOgh_1HN_A":{"shared_cache":{"reads":0,"bytes_read":"0b","bytes_read_in_bytes":0,"writes":0,"bytes_written":"0b","bytes_written_in_bytes":0,"evictions":0,"num_regions":0,"size":"0b","size_in_bytes":0,"region_size":"16mb","region_size_in_bytes":16777216}},"SywzE6bgQ6uWp_7InJeFuw":{"shared_cache":{"reads":33818776,"bytes_read":"246.6tb","bytes_read_in_bytes":271202464722475,"writes":10619,"bytes_written":"159.9gb","bytes_written_in_bytes":171759161344,"evictions":0,"num_regions":173735,"size":"2.6tb","size_in_bytes":2914793824256,"region_size":"16mb","region_size_in_bytes":16777216}},"p8x67SRnRRSe-fTgH6fW0A":{"shared_cache":{"reads":38562319,"bytes_read":"272.7tb","bytes_read_in_bytes":299886736970450,"writes":11162,"bytes_written":"170.9gb","bytes_written_in_bytes":183589765120,"evictions":0,"num_regions":173735,"size":"2.6tb","size_in_bytes":2914793824256,"region_size":"16mb","region_size_in_bytes":16777216}},"5zGVWtZuRN2K4L9nes5rQQ":{"shared_cache":{"reads":0,"bytes_read":"0b","bytes_read_in_bytes":0,"writes":0,"bytes_written":"0b","bytes_written_in_bytes":0,"evictions":0,"num_regions":0,"size":"0b","size_in_bytes":0,"region_size":"16mb","region_size_in_bytes":16777216}}}}