{"elastic":{"username":"elastic","roles":["superuser"],"full_name":null,"email":null,"metadata":{"_reserved":true},"enabled":true},"kibana":{"username":"kibana","roles":["kibana_system"],"full_name":null,"email":null,"metadata":{"_deprecated":true,"_reserved":true,"_deprecated_reason":"Please use the [kibana_system] user instead."},"enabled":true},"kibana_system":{"username":"kibana_system","roles":["kibana_system"],"full_name":null,"email":null,"metadata":{"_reserved":true},"enabled":true},"logstash_system":{"username":"logstash_system","roles":["logstash_system"],"full_name":null,"email":null,"metadata":{"_reserved":true},"enabled":true},"beats_system":{"username":"beats_system","roles":["beats_system"],"full_name":null,"email":null,"metadata":{"_reserved":true},"enabled":true},"apm_system":{"username":"apm_system","roles":["apm_system"],"full_name":null,"email":null,"metadata":{"_reserved":true},"enabled":true},"remote_monitoring_user":{"username":"remote_monitoring_user","roles":["remote_monitoring_collector","remote_monitoring_agent"],"full_name":null,"email":null,"metadata":{"_reserved":true},"enabled":true},"soc_user":{"username":"soc_user","roles":["monitoring_user","viewer","watcher_user"],"full_name":"","email":"","metadata":{},"enabled":true},"adarshprempv":{"username":"adarshprempv","roles":["superuser"],"full_name":"Adarsh Prem P V","email":"adarshprempv@kyndryl.com","metadata":{},"enabled":true},"ramyasatya":{"username":"ramyasatya","roles":["editor","monitoring_user","viewer","watcher_user","kibana_user","reporting_user"],"full_name":"Kondapalli Satya Ramya","email":"Kondapalli.Satya.Ramya@kyndryl.com","metadata":{},"enabled":true},"manjula":{"username":"manjula","roles":["editor","monitoring_user","viewer","watcher_user","kibana_user","reporting_user"],"full_name":"Manjula Reddy","email":"Neelam.Manjula@kyndryl.com","metadata":{},"enabled":true},"monish":{"username":"monish","roles":["monitoring_user","viewer","kibana_user","reporting_user","watcher_user","editor"],"full_name":"Monish Kumar V","email":"Monish.Kumar.V@kyndryl.com","metadata":{},"enabled":true},"gururaj":{"username":"gururaj","roles":["editor","monitoring_user","viewer","watcher_user","kibana_user","reporting_user"],"full_name":"Gururaj","email":"Gururaj.Shetty@kyndryl.com","metadata":{},"enabled":true},"bhaskar":{"username":"bhaskar","roles":["editor","viewer","watcher_user","monitoring_user","kibana_user","reporting_user"],"full_name":"Bhaskar Kollipara","email":"Bhaskar.Kollipara@kyndryl.com","metadata":{},"enabled":true},"saibal":{"username":"saibal","roles":["editor","monitoring_user","viewer","watcher_user","kibana_user","reporting_user"],"full_name":"SAIBAL SENGUPTA","email":"Saibal.Sengupta@kyndryl.com","metadata":{},"enabled":true},"varsha":{"username":"varsha","roles":["editor","monitoring_user","viewer","watcher_user","kibana_user","reporting_user"],"full_name":"Varsha U","email":"Varsha@kyndryl.com","metadata":{},"enabled":true},"somaiahmc":{"username":"somaiahmc","roles":["editor","monitoring_user","viewer","watcher_user","kibana_user","reporting_user"],"full_name":"M C Somaiah","email":"Somaiah.Mandechanda@kyndryl.com","metadata":{},"enabled":true},"poornima":{"username":"poornima","roles":["editor","monitoring_user","viewer","watcher_user","kibana_user","reporting_user"],"full_name":"Poornima Rao HK","email":"Poornima.Rao.HK@kyndryl.com","metadata":{},"enabled":true},"rohitv":{"username":"rohitv","roles":["editor","monitoring_user","viewer","watcher_user","kibana_user","reporting_user"],"full_name":"Rohit Verma","email":"Rohit.Verma2@kyndryl.com","metadata":{},"enabled":true},"rajeshb":{"username":"rajeshb","roles":["editor","monitoring_user","kibana_user","reporting_user","viewer","watcher_user"],"full_name":"Rajesh Boopalan","email":"Rajesh.Boopalan@kyndryl.com","metadata":{},"enabled":true},"syedm":{"username":"syedm","roles":["editor","monitoring_user","viewer","watcher_user","kibana_user","reporting_user"],"full_name":"Syed Mansoor","email":"Syed.Mansoor@kyndryl.com","metadata":{},"enabled":true},"sandeep":{"username":"sandeep","roles":["editor","monitoring_user","viewer","watcher_user","kibana_user","reporting_user"],"full_name":"Sandeep Kumar","email":"sandeep.kumar19@kyndryl.com","metadata":{},"enabled":true},"maxon":{"username":"maxon","roles":["editor","monitoring_user","viewer","watcher_user","kibana_user","reporting_user"],"full_name":"Maxon Mathew","email":"Maxon.Mathew@kyndryl.com","metadata":{},"enabled":true},"sowmya":{"username":"sowmya","roles":["editor","monitoring_user","viewer","watcher_user","kibana_user","reporting_user"],"full_name":"Sowmya S","email":"sowmya.s2@kyndryl.com","metadata":{},"enabled":true},"satadal":{"username":"satadal","roles":["editor","monitoring_user","viewer","watcher_user","kibana_user","reporting_user"],"full_name":"Satadal Chakraborty","email":"satadal.chakraborty@kyndryl.com","metadata":{},"enabled":true},"slander":{"username":"slander","roles":["monitoring_user","viewer","watcher_user","superuser"],"full_name":"Stephen J. Lander","email":"slander@afsvision.com","metadata":{},"enabled":true},"rahulmishra":{"username":"rahulmishra","roles":["editor","monitoring_user","viewer","watcher_user","kibana_user","reporting_user"],"full_name":"Rahul Mishra","email":"rahul.mishra@kyndryl.com","metadata":{},"enabled":true},"shilpa":{"username":"shilpa","roles":["editor","monitoring_user","viewer","watcher_user","kibana_user","reporting_user"],"full_name":"Shilpa Anto Chaluthra","email":"Shilpa.Chaluthra@kyndryl.com","metadata":{},"enabled":true},"arunkumar":{"username":"arunkumar","roles":["superuser"],"full_name":"ARUN KUMAR V","email":"arunkumarv@kyndryl.com","metadata":{},"enabled":true},"dgatta":{"username":"dgatta","roles":["viewer","reporting_user","monitoring_user","superuser"],"full_name":"Donna Gatta","email":"dgatta@afsvision.com","metadata":{},"enabled":true},"sandeepvarshney":{"username":"sandeepvarshney","roles":["superuser"],"full_name":"Sandeep Varshney","email":"sandeep.varshney@kyndryl.com","metadata":{},"enabled":true},"test":{"username":"test","roles":["custom_reporting_user","superuser"],"full_name":"test","email":"","metadata":{},"enabled":true},"jmlalla":{"username":"jmlalla","roles":["superuser"],"full_name":"Joseph Lalla","email":"jmlalla@afsvision.com","metadata":{},"enabled":true}}