{"count":8,"transforms":[{"id":"endpoint.metadata_current-default-9.1.0","state":"started","node":{"id":"qH6PNowDS1GslOgh_1HN_A","name":"afs-vm-eastus-elastic-az1-hot-p01","ephemeral_id":"p11IBM5mRXCLavsUl9o7Cw","transport_address":"192.168.0.9:9300","attributes":{}},"stats":{"pages_processed":49,"documents_processed":24,"documents_indexed":24,"documents_deleted":0,"trigger_count":5940341,"index_time_in_ms":288,"index_total":24,"index_failures":0,"search_time_in_ms":70,"search_total":49,"search_failures":0,"processing_time_in_ms":0,"processing_total":49,"delete_time_in_ms":0,"exponential_avg_checkpoint_duration_ms":61.83688699616705,"exponential_avg_documents_indexed":0.9919016641667044,"exponential_avg_documents_processed":0.9919016641667044},"checkpointing":{"last":{"checkpoint":25,"timestamp_millis":1763115583896,"time_upper_bound_millis":1763115582896},"last_search_time":1766489211898},"health":{"status":"yellow","issues":[{"type":"transform_indexer_failed","issue":"Transform indexer failed","details":"Failed to execute phase [query], ; org.elasticsearch.action.search.SearchPhaseExecutionException: Search rejected due to missing shards [[.ds-metrics-endpoint.metadata-default-2025.12.12-000002][0]]. Consider using `allow_partial_search_results` setting to bypass this error.","count":1,"first_occurrence":1765556427664}]}},{"id":"endpoint.metadata_united-default-9.1.0","state":"started","node":{"id":"qH6PNowDS1GslOgh_1HN_A","name":"afs-vm-eastus-elastic-az1-hot-p01","ephemeral_id":"p11IBM5mRXCLavsUl9o7Cw","transport_address":"192.168.0.9:9300","attributes":{}},"stats":{"pages_processed":4144161,"documents_processed":2189141,"documents_indexed":1847499,"documents_deleted":0,"trigger_count":8252419,"index_time_in_ms":12398953,"index_total":1036038,"index_failures":0,"search_time_in_ms":6267013,"search_total":4144161,"search_failures":0,"processing_time_in_ms":3548,"processing_total":4144161,"delete_time_in_ms":0,"exponential_avg_checkpoint_duration_ms":51.893848863568984,"exponential_avg_documents_indexed":1.7112759908012452,"exponential_avg_documents_processed":2.485130828156893},"checkpointing":{"last":{"checkpoint":1036049,"timestamp_millis":1766489202900,"time_upper_bound_millis":1766489198900},"operations_behind":1,"changes_last_detected_at":1766489202896,"last_search_time":1766489211898},"health":{"status":"green"}},{"id":"logs-elasticsearch.index_pivot-default-0.3.0","state":"stopped","stats":{"pages_processed":0,"documents_processed":0,"documents_indexed":0,"documents_deleted":0,"trigger_count":0,"index_time_in_ms":0,"index_total":0,"index_failures":0,"search_time_in_ms":0,"search_total":0,"search_failures":0,"processing_time_in_ms":0,"processing_total":0,"delete_time_in_ms":0,"exponential_avg_checkpoint_duration_ms":0.0,"exponential_avg_documents_indexed":0.0,"exponential_avg_documents_processed":0.0},"checkpointing":{"last":{"checkpoint":0}},"health":{"status":"green"}},{"id":"logs-rapid7_insightvm.latest_cdr_vulnerabilities-default-0.1.0","state":"started","node":{"id":"qH6PNowDS1GslOgh_1HN_A","name":"afs-vm-eastus-elastic-az1-hot-p01","ephemeral_id":"p11IBM5mRXCLavsUl9o7Cw","transport_address":"192.168.0.9:9300","attributes":{}},"stats":{"pages_processed":1,"documents_processed":0,"documents_indexed":0,"documents_deleted":0,"trigger_count":7257,"index_time_in_ms":0,"index_total":0,"index_failures":0,"search_time_in_ms":0,"search_total":1,"search_failures":0,"processing_time_in_ms":0,"processing_total":1,"delete_time_in_ms":29,"exponential_avg_checkpoint_duration_ms":54.0,"exponential_avg_documents_indexed":0.0,"exponential_avg_documents_processed":0.0},"checkpointing":{"last":{"checkpoint":1,"timestamp_millis":1758893750319,"time_upper_bound_millis":1758893690319},"last_search_time":1766489175890},"health":{"status":"green"}},{"id":"logs-ti_rapid7_threat_command.latest_alert-default-0.2.0","state":"started","node":{"id":"qH6PNowDS1GslOgh_1HN_A","name":"afs-vm-eastus-elastic-az1-hot-p01","ephemeral_id":"p11IBM5mRXCLavsUl9o7Cw","transport_address":"192.168.0.9:9300","attributes":{}},"stats":{"pages_processed":1,"documents_processed":0,"documents_indexed":0,"documents_deleted":0,"trigger_count":72552,"index_time_in_ms":0,"index_total":0,"index_failures":0,"search_time_in_ms":0,"search_total":1,"search_failures":0,"processing_time_in_ms":0,"processing_total":1,"delete_time_in_ms":1,"exponential_avg_checkpoint_duration_ms":21.0,"exponential_avg_documents_indexed":0.0,"exponential_avg_documents_processed":0.0},"checkpointing":{"last":{"checkpoint":1,"timestamp_millis":1758893012148,"time_upper_bound_millis":1758892892148},"last_search_time":1766489194894},"health":{"status":"green"}},{"id":"logs-ti_rapid7_threat_command.latest_ioc-default-0.2.0","state":"started","node":{"id":"qH6PNowDS1GslOgh_1HN_A","name":"afs-vm-eastus-elastic-az1-hot-p01","ephemeral_id":"p11IBM5mRXCLavsUl9o7Cw","transport_address":"192.168.0.9:9300","attributes":{}},"stats":{"pages_processed":1,"documents_processed":0,"documents_indexed":0,"documents_deleted":0,"trigger_count":72552,"index_time_in_ms":0,"index_total":0,"index_failures":0,"search_time_in_ms":1,"search_total":1,"search_failures":0,"processing_time_in_ms":0,"processing_total":1,"delete_time_in_ms":22,"exponential_avg_checkpoint_duration_ms":56.0,"exponential_avg_documents_indexed":0.0,"exponential_avg_documents_processed":0.0},"checkpointing":{"last":{"checkpoint":1,"timestamp_millis":1758893012028,"time_upper_bound_millis":1758892892028},"last_search_time":1766489194894},"health":{"status":"green"}},{"id":"logs-ti_rapid7_threat_command.latest_vulnerability-default-0.2.0","state":"started","node":{"id":"qH6PNowDS1GslOgh_1HN_A","name":"afs-vm-eastus-elastic-az1-hot-p01","ephemeral_id":"p11IBM5mRXCLavsUl9o7Cw","transport_address":"192.168.0.9:9300","attributes":{}},"stats":{"pages_processed":1,"documents_processed":0,"documents_indexed":0,"documents_deleted":0,"trigger_count":72552,"index_time_in_ms":0,"index_total":0,"index_failures":0,"search_time_in_ms":0,"search_total":1,"search_failures":0,"processing_time_in_ms":0,"processing_total":1,"delete_time_in_ms":1,"exponential_avg_checkpoint_duration_ms":17.0,"exponential_avg_documents_indexed":0.0,"exponential_avg_documents_processed":0.0},"checkpointing":{"last":{"checkpoint":1,"timestamp_millis":1758893012079,"time_upper_bound_millis":1758892892079},"last_search_time":1766489194894},"health":{"status":"green"}},{"id":"snare_endpoints_last_v2","state":"indexing","node":{"id":"qH6PNowDS1GslOgh_1HN_A","name":"afs-vm-eastus-elastic-az1-hot-p01","ephemeral_id":"p11IBM5mRXCLavsUl9o7Cw","transport_address":"192.168.0.9:9300","attributes":{}},"stats":{"pages_processed":261825,"documents_processed":72472642255291,"documents_indexed":27865974,"documents_deleted":0,"trigger_count":40978,"index_time_in_ms":1919809,"index_total":74749,"index_failures":0,"search_time_in_ms":1433345565,"search_total":261825,"search_failures":9,"processing_time_in_ms":46234,"processing_total":261825,"delete_time_in_ms":0,"exponential_avg_checkpoint_duration_ms":72302.53460893335,"exponential_avg_documents_indexed":799.0943617760238,"exponential_avg_documents_processed":4.1269509600792146E9},"checkpointing":{"last":{"checkpoint":37572,"timestamp_millis":1766489068371,"time_upper_bound_millis":1766488768371},"next":{"checkpoint":37573,"checkpoint_progress":{"docs_indexed":0,"docs_processed":0},"timestamp_millis":1766489187897,"time_upper_bound_millis":1766488887897},"changes_last_detected_at":1766489187892,"last_search_time":1766489187892},"health":{"status":"green"}}]}