{"count":8,"transforms":[{"id":"endpoint.metadata_current-default-9.1.0","state":"started","node":{"id":"qH6PNowDS1GslOgh_1HN_A","name":"afs-vm-eastus-elastic-az1-hot-p01","ephemeral_id":"p11IBM5mRXCLavsUl9o7Cw","transport_address":"192.168.0.9:9300","attributes":{}},"stats":{"pages_processed":49,"documents_processed":24,"documents_indexed":24,"documents_deleted":0,"trigger_count":5857316,"index_time_in_ms":288,"index_total":24,"index_failures":0,"search_time_in_ms":70,"search_total":49,"search_failures":0,"processing_time_in_ms":0,"processing_total":49,"delete_time_in_ms":0,"exponential_avg_checkpoint_duration_ms":61.83688699616705,"exponential_avg_documents_indexed":0.9919016641667044,"exponential_avg_documents_processed":0.9919016641667044},"checkpointing":{"last":{"checkpoint":25,"timestamp_millis":1763115583896,"time_upper_bound_millis":1763115582896},"last_search_time":1766073971331},"health":{"status":"yellow","issues":[{"type":"transform_indexer_failed","issue":"Transform indexer failed","details":"Failed to execute phase [query], ; org.elasticsearch.action.search.SearchPhaseExecutionException: Search rejected due to missing shards [[.ds-metrics-endpoint.metadata-default-2025.12.12-000002][0]]. Consider using `allow_partial_search_results` setting to bypass this error.","count":1,"first_occurrence":1765556427664}]}},{"id":"endpoint.metadata_united-default-9.1.0","state":"started","node":{"id":"qH6PNowDS1GslOgh_1HN_A","name":"afs-vm-eastus-elastic-az1-hot-p01","ephemeral_id":"p11IBM5mRXCLavsUl9o7Cw","transport_address":"192.168.0.9:9300","attributes":{}},"stats":{"pages_processed":3936021,"documents_processed":2051319,"documents_indexed":1749972,"documents_deleted":0,"trigger_count":7837496,"index_time_in_ms":11828951,"index_total":984003,"index_failures":0,"search_time_in_ms":5927048,"search_total":3936021,"search_failures":0,"processing_time_in_ms":3524,"processing_total":3936021,"delete_time_in_ms":0,"exponential_avg_checkpoint_duration_ms":51.53713472991901,"exponential_avg_documents_indexed":2.3726594691288376,"exponential_avg_documents_processed":3.390179671578081},"checkpointing":{"last":{"checkpoint":984014,"timestamp_millis":1766073962333,"time_upper_bound_millis":1766073958333},"operations_behind":1,"changes_last_detected_at":1766073962329,"last_search_time":1766073974332},"health":{"status":"green"}},{"id":"logs-elasticsearch.index_pivot-default-0.3.0","state":"stopped","stats":{"pages_processed":0,"documents_processed":0,"documents_indexed":0,"documents_deleted":0,"trigger_count":0,"index_time_in_ms":0,"index_total":0,"index_failures":0,"search_time_in_ms":0,"search_total":0,"search_failures":0,"processing_time_in_ms":0,"processing_total":0,"delete_time_in_ms":0,"exponential_avg_checkpoint_duration_ms":0.0,"exponential_avg_documents_indexed":0.0,"exponential_avg_documents_processed":0.0},"checkpointing":{"last":{"checkpoint":0}},"health":{"status":"green"}},{"id":"logs-rapid7_insightvm.latest_cdr_vulnerabilities-default-0.1.0","state":"started","node":{"id":"qH6PNowDS1GslOgh_1HN_A","name":"afs-vm-eastus-elastic-az1-hot-p01","ephemeral_id":"p11IBM5mRXCLavsUl9o7Cw","transport_address":"192.168.0.9:9300","attributes":{}},"stats":{"pages_processed":1,"documents_processed":0,"documents_indexed":0,"documents_deleted":0,"trigger_count":5873,"index_time_in_ms":0,"index_total":0,"index_failures":0,"search_time_in_ms":0,"search_total":1,"search_failures":0,"processing_time_in_ms":0,"processing_total":1,"delete_time_in_ms":29,"exponential_avg_checkpoint_duration_ms":54.0,"exponential_avg_documents_indexed":0.0,"exponential_avg_documents_processed":0.0},"checkpointing":{"last":{"checkpoint":1,"timestamp_millis":1758893750319,"time_upper_bound_millis":1758893690319},"last_search_time":1766073878311},"health":{"status":"green"}},{"id":"logs-ti_rapid7_threat_command.latest_alert-default-0.2.0","state":"started","node":{"id":"qH6PNowDS1GslOgh_1HN_A","name":"afs-vm-eastus-elastic-az1-hot-p01","ephemeral_id":"p11IBM5mRXCLavsUl9o7Cw","transport_address":"192.168.0.9:9300","attributes":{}},"stats":{"pages_processed":1,"documents_processed":0,"documents_indexed":0,"documents_deleted":0,"trigger_count":58714,"index_time_in_ms":0,"index_total":0,"index_failures":0,"search_time_in_ms":0,"search_total":1,"search_failures":0,"processing_time_in_ms":0,"processing_total":1,"delete_time_in_ms":1,"exponential_avg_checkpoint_duration_ms":21.0,"exponential_avg_documents_indexed":0.0,"exponential_avg_documents_processed":0.0},"checkpointing":{"last":{"checkpoint":1,"timestamp_millis":1758893012148,"time_upper_bound_millis":1758892892148},"last_search_time":1766073955328},"health":{"status":"green"}},{"id":"logs-ti_rapid7_threat_command.latest_ioc-default-0.2.0","state":"started","node":{"id":"qH6PNowDS1GslOgh_1HN_A","name":"afs-vm-eastus-elastic-az1-hot-p01","ephemeral_id":"p11IBM5mRXCLavsUl9o7Cw","transport_address":"192.168.0.9:9300","attributes":{}},"stats":{"pages_processed":1,"documents_processed":0,"documents_indexed":0,"documents_deleted":0,"trigger_count":58714,"index_time_in_ms":0,"index_total":0,"index_failures":0,"search_time_in_ms":1,"search_total":1,"search_failures":0,"processing_time_in_ms":0,"processing_total":1,"delete_time_in_ms":22,"exponential_avg_checkpoint_duration_ms":56.0,"exponential_avg_documents_indexed":0.0,"exponential_avg_documents_processed":0.0},"checkpointing":{"last":{"checkpoint":1,"timestamp_millis":1758893012028,"time_upper_bound_millis":1758892892028},"last_search_time":1766073955328},"health":{"status":"green"}},{"id":"logs-ti_rapid7_threat_command.latest_vulnerability-default-0.2.0","state":"started","node":{"id":"qH6PNowDS1GslOgh_1HN_A","name":"afs-vm-eastus-elastic-az1-hot-p01","ephemeral_id":"p11IBM5mRXCLavsUl9o7Cw","transport_address":"192.168.0.9:9300","attributes":{}},"stats":{"pages_processed":1,"documents_processed":0,"documents_indexed":0,"documents_deleted":0,"trigger_count":58714,"index_time_in_ms":0,"index_total":0,"index_failures":0,"search_time_in_ms":0,"search_total":1,"search_failures":0,"processing_time_in_ms":0,"processing_total":1,"delete_time_in_ms":1,"exponential_avg_checkpoint_duration_ms":17.0,"exponential_avg_documents_indexed":0.0,"exponential_avg_documents_processed":0.0},"checkpointing":{"last":{"checkpoint":1,"timestamp_millis":1758893012079,"time_upper_bound_millis":1758892892079},"last_search_time":1766073955328},"health":{"status":"green"}},{"id":"snare_endpoints_last_v2","state":"started","node":{"id":"qH6PNowDS1GslOgh_1HN_A","name":"afs-vm-eastus-elastic-az1-hot-p01","ephemeral_id":"p11IBM5mRXCLavsUl9o7Cw","transport_address":"192.168.0.9:9300","attributes":{}},"stats":{"pages_processed":237730,"documents_processed":59370742617339,"documents_indexed":25101705,"documents_deleted":0,"trigger_count":37476,"index_time_in_ms":1755973,"index_total":67870,"index_failures":0,"search_time_in_ms":1194595040,"search_total":237730,"search_failures":8,"processing_time_in_ms":40624,"processing_total":237730,"delete_time_in_ms":0,"exponential_avg_checkpoint_duration_ms":64285.431317501345,"exponential_avg_documents_indexed":796.3247785178465,"exponential_avg_documents_processed":3.4832609789811716E9},"checkpointing":{"last":{"checkpoint":34116,"timestamp_millis":1766069577416,"time_upper_bound_millis":1766069277416},"changes_last_detected_at":1766069577413,"last_search_time":1766073958328},"health":{"status":"green"}}]}